-- MySQL dump 10.13  Distrib 5.7.16, for osx10.11 (x86_64)
--
-- Host: localhost    Database: simhash
-- ------------------------------------------------------
-- Server version	5.7.16

/*!40101 SET @OLD_CHARACTER_SET_CLIENT=@@CHARACTER_SET_CLIENT */;
/*!40101 SET @OLD_CHARACTER_SET_RESULTS=@@CHARACTER_SET_RESULTS */;
/*!40101 SET @OLD_COLLATION_CONNECTION=@@COLLATION_CONNECTION */;
/*!40101 SET NAMES utf8 */;
/*!40103 SET @OLD_TIME_ZONE=@@TIME_ZONE */;
/*!40103 SET TIME_ZONE='+00:00' */;
/*!40014 SET @OLD_UNIQUE_CHECKS=@@UNIQUE_CHECKS, UNIQUE_CHECKS=0 */;
/*!40014 SET @OLD_FOREIGN_KEY_CHECKS=@@FOREIGN_KEY_CHECKS, FOREIGN_KEY_CHECKS=0 */;
/*!40101 SET @OLD_SQL_MODE=@@SQL_MODE, SQL_MODE='NO_AUTO_VALUE_ON_ZERO' */;
/*!40111 SET @OLD_SQL_NOTES=@@SQL_NOTES, SQL_NOTES=0 */;

--
-- Table structure for table `c_resource`
--

DROP TABLE IF EXISTS `c_resource`;
/*!40101 SET @saved_cs_client     = @@character_set_client */;
/*!40101 SET character_set_client = utf8 */;
CREATE TABLE `c_resource` (
  `name` varchar(32) NOT NULL,
  `type` tinyint(4) DEFAULT NULL,
  `description` varchar(256) DEFAULT NULL,
  `phy_loc` varchar(32) DEFAULT NULL,
  `ip` varchar(32) DEFAULT NULL,
  PRIMARY KEY (`name`)
) ENGINE=InnoDB DEFAULT CHARSET=utf8;
/*!40101 SET character_set_client = @saved_cs_client */;

--
-- Dumping data for table `c_resource`
--

LOCK TABLES `c_resource` WRITE;
/*!40000 ALTER TABLE `c_resource` DISABLE KEYS */;
INSERT INTO `c_resource` VALUES ('c22257941',1,'国家超级计算天津中心','(117.20, 39.13)','218.77.58.2'),('c80535475',1,'国家超级计算长沙中心','(113.00, 28.21)','218.77.58.2'),('c81428499',1,'国家超级计算广州中心','(113.23, 23.16)','218.77.58.2'),('c84647173',0,'长沙P100节点1','(113.00, 28.21)','218.77.58.130');
/*!40000 ALTER TABLE `c_resource` ENABLE KEYS */;
UNLOCK TABLES;

--
-- Table structure for table `c_speed`
--

DROP TABLE IF EXISTS `c_speed`;
/*!40101 SET @saved_cs_client     = @@character_set_client */;
/*!40101 SET character_set_client = utf8 */;
CREATE TABLE `c_speed` (
  `cname` varchar(32) NOT NULL,
  `hash_type` int(11) NOT NULL,
  `crack_type` tinyint(4) NOT NULL,
  `speed` bigint(20) DEFAULT NULL,
  PRIMARY KEY (`cname`,`hash_type`,`crack_type`),
  KEY `hash_type` (`hash_type`),
  CONSTRAINT `c_speed_ibfk_1` FOREIGN KEY (`cname`) REFERENCES `c_resource` (`name`) ON DELETE CASCADE ON UPDATE CASCADE
) ENGINE=InnoDB DEFAULT CHARSET=utf8;
/*!40101 SET character_set_client = @saved_cs_client */;

--
-- Dumping data for table `c_speed`
--

LOCK TABLES `c_speed` WRITE;
/*!40000 ALTER TABLE `c_speed` DISABLE KEYS */;
INSERT INTO `c_speed` VALUES ('c80535475',0,0,1288501727),('c80535475',0,1,15347165),('c80535475',10,0,1277777899),('c80535475',10,1,16900783),('c80535475',20,0,751559434),('c80535475',20,1,13456306),('c80535475',30,0,1237245318),('c80535475',30,1,16824236),('c80535475',40,0,754672672),('c80535475',40,1,14459855),('c80535475',50,0,218361196),('c80535475',50,1,15600886),('c80535475',60,0,419452073),('c80535475',60,1,14035098),('c80535475',100,0,392331831),('c80535475',100,1,16075634),('c80535475',110,0,394213747),('c80535475',110,1,14452691),('c80535475',120,0,409517570),('c80535475',120,1,16784578),('c80535475',130,0,369327102),('c80535475',130,1,14357076),('c80535475',140,0,400512065),('c80535475',140,1,14313013),('c80535475',150,0,92674134),('c80535475',150,1,12499928),('c80535475',160,0,203262752),('c80535475',160,1,13105319),('c80535475',200,0,5124414582),('c80535475',200,1,14522542),('c80535475',300,0,200794344),('c80535475',300,1,14053348),('c80535475',400,0,393647),('c80535475',400,1,410210),('c80535475',500,0,705340),('c80535475',500,1,610401),('c80535475',501,0,705914),('c80535475',501,1,525547),('c80535475',600,0,132059748),('c80535475',600,1,15176857),('c80535475',900,0,2117350683),('c80535475',900,1,14629588),('c80535475',1000,0,2112287569),('c80535475',1000,1,14573512),('c80535475',1100,0,648728032),('c80535475',1100,1,14328336),('c80535475',1300,0,210566088),('c80535475',1300,1,13909307),('c80535475',1400,0,215676304),('c80535475',1400,1,16415471),('c80535475',1410,0,216247254),('c80535475',1410,1,13789401),('c80535475',1420,0,196047481),('c80535475',1420,1,13781428),('c80535475',1430,0,213738890),('c80535475',1430,1,13936763),('c80535475',1440,0,196104259),('c80535475',1440,1,16126224),('c80535475',1450,0,42247270),('c80535475',1450,1,11164007),('c80535475',1460,0,80566630),('c80535475',1460,1,11252277),('c80535475',1500,0,1305350),('c80535475',1500,1,7101955),('c80535475',1600,0,705944),('c80535475',1600,1,610398),('c80535475',1700,0,64065557),('c80535475',1700,1,8854041),('c80535475',1710,0,63012837),('c80535475',1710,1,8463044),('c80535475',1720,0,57793395),('c80535475',1720,1,8630011),('c80535475',1730,0,63242387),('c80535475',1730,1,8328453),('c80535475',1740,0,60195865),('c80535475',1740,1,8379657),('c80535475',1750,0,14320422),('c80535475',1750,1,5085180),('c80535475',1760,0,24645528),('c80535475',1760,1,5057132),('c80535475',1800,0,11186),('c80535475',1800,1,11400),('c80535475',2400,0,897794390),('c80535475',2400,1,14514845),('c80535475',2410,0,990067934),('c80535475',2410,1,14553622),('c80535475',2500,0,25092),('c80535475',2501,0,26295),('c80535475',2501,1,263469),('c80535475',2600,0,395235669),('c80535475',2600,1,14103370),('c80535475',3000,0,1088854668),('c80535475',3000,1,12749580),('c80535475',3100,0,220602570),('c80535475',3100,1,11190692),('c80535475',3200,0,26316),('c80535475',3200,1,954),('c80535475',3710,0,368528280),('c80535475',3710,1,14020621),('c80535475',3800,0,759081675),('c80535475',3800,1,16905266),('c80535475',3910,0,266849618),('c80535475',3910,1,13200747),('c80535475',4010,0,316222338),('c80535475',4010,1,14005009),('c80535475',4110,0,234025256),('c80535475',4110,1,13126745),('c80535475',4300,0,395207876),('c80535475',4300,1,14091393),('c80535475',4400,0,265687757),('c80535475',4400,1,16314430),('c80535475',4500,0,206432094),('c80535475',4500,1,15559174),('c80535475',4520,0,119065229),('c80535475',4520,1,12898828),('c80535475',4700,0,281442299),('c80535475',4700,1,16307710),('c80535475',4800,0,827567423),('c80535475',4800,1,15196353),('c80535475',4900,0,358157059),('c80535475',4900,1,14230860),('c80535475',5000,0,53298170),('c80535475',5000,1,11639116),('c80535475',5100,0,794718901),('c80535475',5100,1,14482897),('c80535475',5200,0,92593),('c80535475',5200,1,92579),('c80535475',5300,0,58641975),('c80535475',5300,1,29807591),('c80535475',5400,0,27885572),('c80535475',5400,1,12166042),('c80535475',5500,0,1080392381),('c80535475',5500,1,14236520),('c80535475',5600,0,87678665),('c80535475',5600,1,13678123),('c80535475',5700,0,215701137),('c80535475',5700,1,13971732),('c80535475',5800,0,336077),('c80535475',5800,1,331794),('c80535475',6000,0,309217677),('c80535475',6000,1,14213853),('c80535475',6100,0,47224282),('c80535475',6100,1,10926687),('c80535475',6300,0,703017),('c80535475',6300,1,690922),('c80535475',6400,0,1190233),('c80535475',6400,1,1216548),('c80535475',6500,0,369261),('c80535475',6500,1,410471),('c80535475',6600,0,151462),('c80535475',6600,1,215418),('c80535475',6700,0,2846731),('c80535475',6700,1,2323771),('c80535475',6800,0,163486),('c80535475',6800,1,174140),('c80535475',6900,0,30540831),('c80535475',6900,1,10905783),('c80535475',7000,0,447142335),('c80535475',7000,1,14518807),('c80535475',7100,0,559),('c80535475',7100,1,823),('c80535475',7200,0,2000),('c80535475',7200,1,2935),('c80535475',7300,0,67634788),('c80535475',7300,1,12923095),('c80535475',7400,0,18982),('c80535475',7400,1,20326),('c80535475',7500,0,12140134),('c80535475',7500,1,6865966),('c80535475',7700,0,727161172),('c80535475',7700,1,72716118),('c80535475',7800,0,92846409),('c80535475',7800,1,13028309),('c80535475',7900,0,2567),('c80535475',7900,1,3838),('c80535475',8000,0,18379932),('c80535475',8000,1,9624233),('c80535475',8100,0,385312946),('c80535475',8100,1,14599622),('c80535475',8200,0,443),('c80535475',8200,1,699),('c80535475',8300,0,186221140),('c80535475',8300,1,13815635),('c80535475',8400,0,79363636),('c80535475',8400,1,12374954),('c80535475',8500,0,230600853),('c80535475',8500,1,23060085),('c80535475',8600,0,26313299),('c80535475',8600,1,9096049),('c80535475',8700,0,7438741),('c80535475',8700,1,5178451),('c80535475',8800,0,49023),('c80535475',8800,1,53625),('c80535475',8900,0,62692),('c80535475',8900,1,63229),('c80535475',9100,0,42918),('c80535475',9100,1,43464),('c80535475',9200,0,4600),('c80535475',9200,1,4540),('c80535475',9400,0,8842),('c80535475',9400,1,8923),('c80535475',9500,0,4322),('c80535475',9500,1,4482),('c80535475',9600,0,541),('c80535475',9600,1,630),('c80535475',9700,0,8206640),('c80535475',9700,1,5305398),('c80535475',9800,0,14707394),('c80535475',9800,1,7262736),('c80535475',9900,0,45152553),('c80535475',9900,1,14618773),('c80535475',10000,0,4622),('c80535475',10000,1,4540),('c80535475',10100,0,50602066),('c80535475',10100,1,14627072),('c80535475',10200,0,21318053),('c80535475',10200,1,14241772),('c80535475',10300,0,363641),('c80535475',10300,1,386159),('c80535475',10400,0,15334079),('c80535475',10400,1,7864943),('c80535475',10500,0,803437),('c80535475',10500,1,760118),('c80535475',10600,0,219460343),('c80535475',10600,1,14099911),('c80535475',10700,0,4064),('c80535475',10700,1,3922),('c80535475',10800,0,68499750),('c80535475',10800,1,12445143),('c80535475',10900,0,77300),('c80535475',10900,1,91751),('c80535475',11000,0,324966883),('c80535475',11000,1,14601187),('c80535475',11100,0,190854206),('c80535475',11200,0,141387306),('c80535475',11200,1,14947613),('c80535475',11300,0,409),('c80535475',11300,1,403),('c80535475',11400,0,226237926),('c80535475',11400,1,12432188),('c80535475',11500,0,73134356567),('c80535475',11500,1,12896717),('c80535475',11600,0,882),('c80535475',11600,1,686),('c80535475',11700,0,8269076),('c80535475',11700,1,5320072),('c80535475',11800,0,8255495),('c80535475',11800,1,5101763),('c80535475',11900,0,379070),('c80535475',11900,1,450464),('c80535475',12000,0,191605),('c80535475',12000,1,211378),('c80535475',12100,0,26018),('c80535475',12100,1,29054),('c80535475',12200,0,986),('c80535475',12200,1,975),('c80535475',12300,0,6038),('c80535475',12300,1,7096),('c80535475',12400,0,386857),('c80535475',12400,1,443192),('c80535475',12500,0,2326),('c80535475',12500,1,1680),('c80535475',12600,0,119931287),('c80535475',12600,1,11572576),('c80535475',12700,0,6728275),('c80535475',12700,1,3700206),('c80535475',12800,0,790169),('c80535475',12800,1,787787),('c80535475',12900,0,22579),('c80535475',12900,1,22353),('c80535475',13000,0,1893),('c80535475',13000,1,2836),('c80535475',13100,0,136562),('c80535475',13100,1,6091047),('c80535475',13200,0,23658),('c80535475',13200,1,23537),('c80535475',13300,0,367474325),('c80535475',13300,1,11910270),('c80535475',13500,0,169881511),('c80535475',13500,1,11775762),('c80535475',13600,0,71699),('c80535475',13600,1,71810),('c80535475',13713,0,18),('c80535475',13713,1,18),('c80535475',13723,0,20),('c80535475',13723,1,20),('c80535475',13733,0,185),('c80535475',13733,1,185),('c80535475',13752,0,42),('c80535475',13752,1,44),('c80535475',13753,0,7),('c80535475',13753,1,29),('c80535475',13900,0,113995836),('c80535475',13900,1,13268077),('c80535475',14000,0,3074078191),('c80535475',14000,1,30740781),('c80535475',14400,0,21380923),('c80535475',14400,1,7845907),('c80535475',14700,0,10712),('c80535475',14700,1,10846),('c80535475',14800,0,8),('c80535475',14800,1,8),('c80535475',14900,0,1080347678),('c80535475',14900,1,10803476),('c80535475',15000,0,51215619),('c80535475',15000,1,11776257),('c80535475',15200,0,21983),('c80535475',15200,1,21903),('c80535475',15300,0,22733),('c80535475',15300,1,3464),('c80535475',15400,0,15664473),('c80535475',15400,1,14341029),('c80535475',15500,0,240252410),('c80535475',15500,1,14486146),('c80535475',15600,0,350),('c80535475',15600,1,256),('c84647173',0,0,177082568797),('c84647173',0,1,58598581),('c84647173',10,0,176990816640),('c84647173',10,1,60581251),('c84647173',20,0,102911227277),('c84647173',20,1,59907707),('c84647173',30,0,172828397493),('c84647173',30,1,59337933),('c84647173',40,0,102835915441),('c84647173',40,1,58786656),('c84647173',50,0,30308970005),('c84647173',50,1,57884276),('c84647173',60,0,62386918067),('c84647173',60,1,58114699),('c84647173',100,0,69114118856),('c84647173',100,1,58350671),('c84647173',110,0,69114069502),('c84647173',110,1,57110423),('c84647173',120,0,55920949812),('c84647173',120,1,56500447),('c84647173',130,0,71496979041),('c84647173',130,1,58399748),('c84647173',140,0,54665537198),('c84647173',140,1,56408880),('c84647173',150,0,15607808934),('c84647173',150,1,57255173),('c84647173',160,0,27526902733),('c84647173',160,1,56350133),('c84647173',200,0,437493047736),('c84647173',200,1,59245565),('c84647173',300,0,31260662074),('c84647173',300,1,57343178),('c84647173',400,0,43132637),('c84647173',400,1,28950681),('c84647173',500,0,80523743),('c84647173',500,1,34642049),('c84647173',501,0,80581846),('c84647173',501,1,34272408),('c84647173',600,0,15550785018),('c84647173',600,1,58970132),('c84647173',900,0,303400765022),('c84647173',900,1,55686990),('c84647173',1000,0,301692496065),('c84647173',1000,1,61361437),('c84647173',1100,0,87988880418),('c84647173',1100,1,59818594),('c84647173',1300,0,24128971322),('c84647173',1300,1,59548316),('c84647173',1400,0,24848852993),('c84647173',1400,1,59171343),('c84647173',1410,0,24861141308),('c84647173',1410,1,60176082),('c84647173',1420,0,21981751246),('c84647173',1420,1,56979752),('c84647173',1430,0,24540714118),('c84647173',1430,1,57431688),('c84647173',1440,0,22053740771),('c84647173',1440,1,58453018),('c84647173',1450,0,4360194272),('c84647173',1450,1,58148276),('c84647173',1460,0,9180232239),('c84647173',1460,1,57741346),('c84647173',1500,0,823380439),('c84647173',1500,1,227582628),('c84647173',1600,0,80516382),('c84647173',1600,1,34464882),('c84647173',1700,0,7550679751),('c84647173',1700,1,58805241),('c84647173',1710,0,7530975218),('c84647173',1710,1,58478104),('c84647173',1720,0,6915168339),('c84647173',1720,1,56664103),('c84647173',1730,0,7528329232),('c84647173',1730,1,59316615),('c84647173',1740,0,7143391001),('c84647173',1740,1,58031770),('c84647173',1750,0,1619070477),('c84647173',1750,1,58032990),('c84647173',1760,0,3369420125),('c84647173',1760,1,59270930),('c84647173',1800,0,1235852),('c84647173',1800,1,1314894),('c84647173',2400,0,129274498318),('c84647173',2400,1,58048169),('c84647173',2410,0,131570799737),('c84647173',2410,1,59772986),('c84647173',2500,0,3353475),('c84647173',2500,1,3176128),('c84647173',2501,0,3361068),('c84647173',2501,1,31741282),('c84647173',2600,0,56079738948),('c84647173',2600,1,59515206),('c84647173',3000,0,191883425410),('c84647173',3000,1,1918834254),('c84647173',3100,0,5237555840),('c84647173',3100,1,55526195),('c84647173',3200,0,123718),('c84647173',3200,1,124322),('c84647173',3710,0,50765333251),('c84647173',3710,1,60365195),('c84647173',3800,0,103673753293),('c84647173',3800,1,58217368),('c84647173',3910,0,38635892818),('c84647173',3910,1,59273869),('c84647173',4010,0,45905485099),('c84647173',4010,1,60121204),('c84647173',4110,0,50935418515),('c84647173',4110,1,59868522),('c84647173',4300,0,56073864704),('c84647173',4300,1,59376000),('c84647173',4400,0,35186834528),('c84647173',4400,1,60630535),('c84647173',4500,0,26963263438),('c84647173',4500,1,58224766),('c84647173',4520,0,14748485456),('c84647173',4520,1,59764494),('c84647173',4700,0,36200501209),('c84647173',4700,1,59631257),('c84647173',4800,0,124985900468),('c84647173',4800,1,60287050),('c84647173',4900,0,45590243355),('c84647173',4900,1,59556320),('c84647173',5000,0,7039475274),('c84647173',5000,1,58679613),('c84647173',5100,0,112450605810),('c84647173',5100,1,58063519),('c84647173',5200,0,7787914),('c84647173',5200,1,8643423),('c84647173',5300,0,7817170655),('c84647173',5300,1,58135087),('c84647173',5400,0,3355628038),('c84647173',5400,1,56762967),('c84647173',5500,0,173369864842),('c84647173',5500,1,59366905),('c84647173',5600,0,12482481497),('c84647173',5600,1,58235109),('c84647173',5700,0,24853699498),('c84647173',5700,1,59398343),('c84647173',5800,0,42329118),('c84647173',5800,1,25774291),('c84647173',6000,0,37892422912),('c84647173',6000,1,59216939),('c84647173',6100,0,3741217630),('c84647173',6100,1,55656092),('c84647173',6300,0,78372151),('c84647173',6300,1,34220361),('c84647173',6400,0,127363406),('c84647173',6400,1,41850537),('c84647173',6500,0,47058514),('c84647173',6500,1,28064064),('c84647173',6600,0,21475324),('c84647173',6600,1,19145294),('c84647173',6700,0,381988930),('c84647173',6700,1,53097159),('c84647173',6800,0,16165091),('c84647173',6800,1,14561301),('c84647173',6900,0,3545799193),('c84647173',6900,1,59297646),('c84647173',7000,0,59696331595),('c84647173',7000,1,58684749),('c84647173',7100,0,71015),('c84647173',7100,1,100408),('c84647173',7200,0,28616),('c84647173',7200,1,354195),('c84647173',7300,0,10266850934),('c84647173',7300,1,58446126),('c84647173',7400,0,417711),('c84647173',7400,1,1765591),('c84647173',7500,0,2822135094),('c84647173',7500,1,56835159),('c84647173',7700,0,15286663630),('c84647173',7700,1,15286663),('c84647173',7800,0,8393458798),('c84647173',7800,1,59481467),('c84647173',7900,0,18769),('c84647173',7900,1,456525),('c84647173',8000,0,3119028313),('c84647173',8000,1,58955634),('c84647173',8100,0,57417479272),('c84647173',8100,1,59257159),('c84647173',8200,0,4943),('c84647173',8200,1,88957),('c84647173',8300,0,24495105623),('c84647173',8300,1,59106827),('c84647173',8400,0,9768668899),('c84647173',8400,1,59451478),('c84647173',8500,0,21494553476),('c84647173',8500,1,214945534),('c84647173',8600,0,2646653704),('c84647173',8600,1,57799300),('c84647173',8700,0,785746710),('c84647173',8700,1,55486156),('c84647173',8800,0,3099707),('c84647173',8800,1,6141802),('c84647173',8900,0,6679500),('c84647173',8900,1,6679504),('c84647173',9100,0,4653346),('c84647173',9100,1,5121025),('c84647173',9200,0,457096),('c84647173',9200,1,478129),('c84647173',9400,0,1090677),('c84647173',9400,1,1090677),('c84647173',9500,0,1090567),('c84647173',9500,1,550675),('c84647173',9600,0,553367),('c84647173',9600,1,71906),('c84647173',9700,0,2566468582),('c84647173',9700,1,56789570),('c84647173',9800,0,2825172529),('c84647173',9800,1,56274394),('c84647173',9900,0,53983569623),('c84647173',9900,1,60690690),('c84647173',10000,0,325721),('c84647173',10000,1,325721),('c84647173',10100,0,184456743168),('c84647173',10100,1,56815930),('c84647173',10200,0,23224999650),('c84647173',10200,1,57690120),('c84647173',10300,0,36231101),('c84647173',10300,1,27918482),('c84647173',10400,0,3466992998),('c84647173',10400,1,54634668),('c84647173',10500,0,163146262),('c84647173',10500,1,42203061),('c84647173',10600,0,24519412411),('c84647173',10600,1,58554332),('c84647173',10700,0,339007),('c84647173',10700,1,390954),('c84647173',10800,0,7580439690),('c84647173',10800,1,59288216),('c84647173',10900,0,7519753),('c84647173',10900,1,7519753),('c84647173',11000,0,65929974423),('c84647173',11000,1,59638655),('c84647173',11100,0,55570691249),('c84647173',11100,1,56877901),('c84647173',11200,0,18316061957),('c84647173',11200,1,57974159),('c84647173',11300,0,33727),('c84647173',11300,1,45021),('c84647173',11400,0,29182032215),('c84647173',11400,1,60270395),('c84647173',11500,0,64756185172),('c84647173',11500,1,59252881),('c84647173',11600,0,46490),('c84647173',11600,1,64843),('c84647173',11700,0,793801125),('c84647173',11700,1,54797283),('c84647173',11800,0,793998083),('c84647173',11800,1,54335715),('c84647173',11900,0,58313275),('c84647173',11900,1,29961130),('c84647173',12000,0,18300492594),('c84647173',12000,1,183004925),('c84647173',12100,0,2462011),('c84647173',12100,1,3328854),('c84647173',12200,0,81914),('c84647173',12200,1,108708),('c84647173',12300,0,605878),('c84647173',12300,1,854855),('c84647173',12400,0,26563106),('c84647173',12400,1,24333078),('c84647173',12500,0,37803),('c84647173',12500,1,302231),('c84647173',12600,0,13126627213),('c84647173',12600,1,57594873),('c84647173',12700,0,590127573),('c84647173',12700,1,55096059),('c84647173',12800,0,787767),('c84647173',12800,1,787787),('c84647173',12900,0,1988432),('c84647173',12900,1,22353),('c84647173',13000,0,18650),('c84647173',13000,1,295733),('c84647173',13100,0,2841550785),('c84647173',13100,1,55763815),('c84647173',13200,0,1753555),('c84647173',13200,1,1809105),('c84647173',13300,0,44439856402),('c84647173',13300,1,57147723),('c84647173',13500,0,25463627283),('c84647173',13500,1,59548189),('c84647173',13600,0,11775742),('c84647173',13600,1,11775732),('c84647173',13713,0,180212),('c84647173',13713,1,180212),('c84647173',13723,0,180332),('c84647173',13723,1,180313),('c84647173',13733,0,1923232),('c84647173',13733,1,1923214),('c84647173',13752,0,372010),('c84647173',13752,1,372002),('c84647173',13753,0,26232),('c84647173',13753,1,26204),('c84647173',13900,0,16810611966),('c84647173',13900,1,1681060232),('c84647173',14000,0,198757637857),('c84647173',14000,1,1987573321),('c84647173',14400,0,3270514331),('c84647173',14400,1,59707977),('c84647173',14700,0,7845907),('c84647173',14700,1,7845988),('c84647173',14800,0,1001),('c84647173',14800,1,1001),('c84647173',14900,0,87872581654),('c84647173',14900,1,87872581),('c84647173',15000,0,8717478718),('c84647173',15000,1,59436777),('c84647173',15200,0,2540027),('c84647173',15200,1,2587496),('c84647173',15300,0,425537),('c84647173',15300,1,450900),('c84647173',15400,0,33909135873),('c84647173',15400,1,59387181),('c84647173',15500,0,66614123976),('c84647173',15500,1,58784636),('c84647173',15600,0,35032),('c84647173',15600,1,25600);
/*!40000 ALTER TABLE `c_speed` ENABLE KEYS */;
UNLOCK TABLES;

--
-- Table structure for table `c_status`
--

DROP TABLE IF EXISTS `c_status`;
/*!40101 SET @saved_cs_client     = @@character_set_client */;
/*!40101 SET character_set_client = utf8 */;
CREATE TABLE `c_status` (
  `cname` varchar(32) NOT NULL,
  `status` tinyint(4) DEFAULT '0',
  `avail_nodes` int(11) DEFAULT '0',
  `lst_srv_update` datetime DEFAULT CURRENT_TIMESTAMP ON UPDATE CURRENT_TIMESTAMP,
  PRIMARY KEY (`cname`),
  CONSTRAINT `c_status_ibfk_1` FOREIGN KEY (`cname`) REFERENCES `c_resource` (`name`) ON DELETE CASCADE ON UPDATE CASCADE
) ENGINE=InnoDB DEFAULT CHARSET=utf8;
/*!40101 SET character_set_client = @saved_cs_client */;

--
-- Dumping data for table `c_status`
--

LOCK TABLES `c_status` WRITE;
/*!40000 ALTER TABLE `c_status` DISABLE KEYS */;
INSERT INTO `c_status` VALUES ('c22257941',2,0,'2017-12-10 10:56:56'),('c80535475',1,0,'2018-02-06 12:09:04'),('c81428499',0,12,'2017-12-11 01:21:55'),('c84647173',0,0,'2018-02-25 00:27:48');
/*!40000 ALTER TABLE `c_status` ENABLE KEYS */;
UNLOCK TABLES;

--
-- Table structure for table `dictionary`
--

DROP TABLE IF EXISTS `dictionary`;
/*!40101 SET @saved_cs_client     = @@character_set_client */;
/*!40101 SET character_set_client = utf8 */;
CREATE TABLE `dictionary` (
  `name` varchar(32) NOT NULL,
  `num_hash` bigint(20) DEFAULT NULL,
  PRIMARY KEY (`name`)
) ENGINE=InnoDB DEFAULT CHARSET=utf8;
/*!40101 SET character_set_client = @saved_cs_client */;

--
-- Dumping data for table `dictionary`
--

LOCK TABLES `dictionary` WRITE;
/*!40000 ALTER TABLE `dictionary` DISABLE KEYS */;
INSERT INTO `dictionary` VALUES ('America_large.d',14433352),('America_mid.d',1443335),('America_small.d',144333),('China_mainland_large.d',168501705),('China_mainland_mid.d',16850170),('China_mainland_small.d',1685017),('China_taiwan_large.d',23649687),('China_taiwan_mid.d',2364868),('China_taiwan_small.d',236496),('common_passwords_large.d',287131782),('common_passwords_mid.d',28713178),('common_passwords_small.d',2871317),('Europe_large.d',14581476),('Europe_mid.d',1458147),('Europe_small.d',145814),('Japan_large.d',4556602),('Japan_mid.d',455660),('Japan_small.d',45566),('Korea_large.d',14459986),('Korea_mid.d',1445998),('Korea_small.d',144599),('Russia_large.d',44769612),('Russia_mid.d',4476961),('Russia_small.d',447696),('Turkey_large.d',14723940),('Turkey_mid.d',1472394),('Turkey_small.d',147239);
/*!40000 ALTER TABLE `dictionary` ENABLE KEYS */;
UNLOCK TABLES;

--
-- Table structure for table `dynamic`
--

DROP TABLE IF EXISTS `dynamic`;
/*!40101 SET @saved_cs_client     = @@character_set_client */;
/*!40101 SET character_set_client = utf8 */;
CREATE TABLE `dynamic` (
  `name` char(8) NOT NULL,
  `token` varchar(13) DEFAULT NULL,
  `authkey` varchar(13) DEFAULT NULL,
  `currsucc` bigint(20) DEFAULT NULL,
  `currdft` int(11) DEFAULT NULL,
  PRIMARY KEY (`name`),
  CONSTRAINT `dynamic_ibfk_1` FOREIGN KEY (`name`) REFERENCES `user` (`name`) ON DELETE CASCADE ON UPDATE CASCADE
) ENGINE=InnoDB DEFAULT CHARSET=utf8;
/*!40101 SET character_set_client = @saved_cs_client */;

--
-- Dumping data for table `dynamic`
--

LOCK TABLES `dynamic` WRITE;
/*!40000 ALTER TABLE `dynamic` DISABLE KEYS */;
INSERT INTO `dynamic` VALUES ('04311224','2100000335950','ll93C5A97DEBE',1506779938,0),('10000000','2100000335955','ll4FD9221B601',1517544389,-1),('10725228','2100000334633','ll581B152D1FC',1517449980,-4),('11111111','2100000335956','ll624D306A74C',1507975087,0),('11697317','2100000335951','ll2D2B59A162D',0,0),('13881779','2100000334638','ll1224E162465',0,0),('15395805','2100000329129','ll69E1E5C52F4',0,0),('17494877','2100000334619','ll404ECB1EA50',1508825281,-1),('25066050','2100000334600','ll034EB86E0DB',0,0),('26972035','2100000335949','ll0CF5A609459',0,0),('31674225','2100000334624','ll12DCB860FC2',1507432322,-1),('33449542','2100000334603','ll5DD176B779C',1508315820,-1),('34871003','2100000334621','ll0E2B12A835B',1506778185,0),('36018410','2100000329138','ll27416F60210',1508551850,0),('38524198','2100000334631','ll973196822EE',1506779079,-1),('39484740','2100000335958','ll14C636C82DD',1507432269,-1),('39707693','2100000334636','llD35C437B27B',1512460969,0),('40020340','2100000334641','llE34BEDCEA4E',1507992790,-3),('45938851','2100000334634','llB3815FAB1CA',1506779339,-1),('51036570','2100000334627','ll19C62AD86BF',1512744053,0),('52392048','2100000334629','llBCDC56701AE',0,0),('53269037','2100000334599','ll172A1E17614',0,0),('58974111','2100000334623','ll02225373523',0,0),('59810965','2100000334635','ll14FA3B6CB74',0,0),('60997392','2100000334608','llECC3B3A86E6',1514431147,-1),('61138348','2100000335954','llFB24567DCDF',0,0),('64027927','2100000329130','llA6CE633C696',1508583757,-1),('65097147','2100000334639','llFDC912E3A6B',1514430750,-2),('67844606','2100000334632','llF6EFD186998',1508072459,0),('72648165','2100000334625','llCC7DA45CEF6',1506778559,-1),('74589204','2100000334602','ll3B195A9F5E7',1506779970,0),('74799651','2100000329131','ll806870FD7DD',0,0),('75032779','2100000335953','llA627745FD00',0,0),('78519436','2100000334630','llBAF6398D102',1506779044,-1),('79370802','2100000334640','ll5F74DBE21C6',1507989200,-1),('79550493','2100000329132','ll51F723FAA0E',1506779824,-1),('87673812','2100000334620','ll915FF503A76',1517544650,0),('87990234','2100000335952','ll1F92B8F7E5C',0,0),('88649054','2100000334601','ll01DE5BC4051',0,0),('92436472','2100000329133','llE029D8074B8',1508408159,0),('92876570','2100000334622','ll26996F291AB',1508562181,-1),('93917307','2100000334626','llF54B71761FD',1506778696,-1),('94266005','','',0,0),('96401279','2100000334628','ll9A4DAFF067B',1506778908,0),('98478662','2100000334637','ll982C5B97E84',1508115738,-1);
/*!40000 ALTER TABLE `dynamic` ENABLE KEYS */;
UNLOCK TABLES;

--
-- Table structure for table `hash`
--

DROP TABLE IF EXISTS `hash`;
/*!40101 SET @saved_cs_client     = @@character_set_client */;
/*!40101 SET character_set_client = utf8 */;
CREATE TABLE `hash` (
  `id` int(11) DEFAULT NULL,
  `name` varchar(256) DEFAULT NULL,
  `description` varchar(256) DEFAULT NULL,
  `sample` varchar(256) DEFAULT NULL,
  `type` tinyint(4) DEFAULT NULL
) ENGINE=InnoDB DEFAULT CHARSET=utf8;
/*!40101 SET character_set_client = @saved_cs_client */;

--
-- Dumping data for table `hash`
--

LOCK TABLES `hash` WRITE;
/*!40000 ALTER TABLE `hash` DISABLE KEYS */;
INSERT INTO `hash` VALUES (0,'MD5',NULL,NULL,NULL);
/*!40000 ALTER TABLE `hash` ENABLE KEYS */;
UNLOCK TABLES;

--
-- Table structure for table `log`
--

DROP TABLE IF EXISTS `log`;
/*!40101 SET @saved_cs_client     = @@character_set_client */;
/*!40101 SET character_set_client = utf8 */;
CREATE TABLE `log` (
  `id` int(11) NOT NULL AUTO_INCREMENT,
  `degree` varchar(8) DEFAULT NULL,
  `content` varchar(256) DEFAULT NULL,
  `time` datetime DEFAULT CURRENT_TIMESTAMP,
  PRIMARY KEY (`id`)
) ENGINE=InnoDB DEFAULT CHARSET=utf8;
/*!40101 SET character_set_client = @saved_cs_client */;

--
-- Dumping data for table `log`
--

LOCK TABLES `log` WRITE;
/*!40000 ALTER TABLE `log` DISABLE KEYS */;
/*!40000 ALTER TABLE `log` ENABLE KEYS */;
UNLOCK TABLES;

--
-- Table structure for table `task`
--

DROP TABLE IF EXISTS `task`;
/*!40101 SET @saved_cs_client     = @@character_set_client */;
/*!40101 SET character_set_client = utf8 */;
CREATE TABLE `task` (
  `task_id` varchar(12) NOT NULL,
  `hash_type` int(11) DEFAULT NULL,
  `crack_type` tinyint(4) DEFAULT NULL,
  `hash_string` varchar(256) DEFAULT NULL,
  `crack_string` longtext,
  `num_total_hash` bigint(20) DEFAULT NULL,
  `submit_user` int(11) DEFAULT NULL,
  `submit_time` datetime DEFAULT CURRENT_TIMESTAMP ON UPDATE CURRENT_TIMESTAMP,
  PRIMARY KEY (`task_id`)
) ENGINE=InnoDB DEFAULT CHARSET=utf8;
/*!40101 SET character_set_client = @saved_cs_client */;

--
-- Dumping data for table `task`
--

LOCK TABLES `task` WRITE;
/*!40000 ALTER TABLE `task` DISABLE KEYS */;
INSERT INTO `task` VALUES ('000589164707',12200,0,'$ecryptfs$0$1$7c95c46e82f364b3$60bba503f0a42d0c','common_passwords_small.8',2871318,64027927,'2018-03-11 12:22:09'),('008405932300',9400,0,'$office$*2007*20*128*16*b0d999e2cf011554386a6546a290ae23*e6982a38c79ea992a46d328b3c50eb5b*c3ea6767f22208673beec20d5144924b7f8795d8','America_mid.d',9622234,39707693,'2018-03-11 12:22:09'),('012695071062',1450,0,'abaf88d66bf2334a4a8b207cc61a96fb46c3e38e882e6f6f886742f688b8588c:1234','common_passwords_small.8',2871318,36018410,'2018-03-11 12:22:09'),('018562994443',1720,0,'976b451818634a1e2acba682da3fd6efa72adf8a7a08d7939550c244b237c72c7d42367544e826c0c83fe5c02f97c0373b6b1386cc794bf0d21d2df01bb9c08a:2613516180127','common_passwords_small.8',2871318,36018410,'2018-03-11 12:22:09'),('021162413256',13500,0,'b5e335754127b25ba6f99a94c738e24cd634c35a:aa07d396f5038a6cbeded88d78d1d6c907e4079b3dc2e12fddee409a51cc05ae73e8cc24d518c923a2f79e49376594503e6238b806bfe33fa8516f4903a9b4','common_passwords_small.8',0,64027927,'2018-03-11 12:22:09'),('023210309960',2100,0,'$DCC2$10240#tom#e4e938d12fe5974dc42a90120bd9c90f','common_passwords_small.8',2871318,36018410,'2018-03-11 12:22:09'),('023714818916',14700,0,'$itunes_backup$*9*e4618db223720bb6ccdaa2447ce74a821d8254d92f59c56ed6dcd13abdd55e05129198bcb01c83b3*10000*4db54d205cfe657a446ce241ca9ec1441353cf02**','America_small.32',0,92436472,'2018-03-11 12:22:09'),('024395026057',5500,0,'u4-netntlm::kNS:338d08f8e26de93300000000000000000000000000000000:9526fb8c23a90751cdd619b6cea564742e1e4bf33006ba41:cb8086049ec4736c','common_passwords_small.8',2871318,36018410,'2018-03-11 12:22:09'),('025830929387',13800,0,'95fc4680bcd2a5f25de3c580cbebadbbf256c1f0ff2e9329c58e36f8b914c11f:44713471564805815132101370614224648180884373340317530807476250282716354028156351721401610778541626571651156243645246482024803415134070482220565415002342144335481751016682126581511157651122021','common_passwords_small.8',0,64027927,'2018-03-11 12:22:09'),('025872866128',0,1,'8743b52063cd84097a65d1633f5c74f5','[a][a][a][a][a]',11881376,51036570,'2018-03-11 12:22:09'),('027100500678',0,1,'$RAR3$*0*07d1bfbc2c175171*56559e77*32*8*1*9b63d5fc1d20cd0a5ea2902553b55b682832061b013ae4593bc8e9bc5066d640*33','[d][d][d][d][d][d]',0,33449542,'2018-03-11 12:22:09'),('034587310866',14700,0,'$itunes_backup$*9*b8e3f3a970239b22ac199b622293fe4237b9d16e74bad2c3c3568cd1bd3c471615a6c4f867265642*10000*4542263740587424862267232255853830404566**','common_passwords_small.8',0,64027927,'2018-03-11 12:22:09'),('038106429325',12900,0,'38421854118412625768408160477112384218541184126257684081604771129b6258eb22fc8b9d08e04e6450f72b98725d7d4fcad6fb6aec4ac2a79d0c6ff738421854118412625768408160477112','common_passwords_small.8',2871318,64027927,'2018-03-11 12:22:09'),('038158242127',0,0,'8743b52063cd84097a65d1633f5c74f5','common_passwords_large.32',0,92876570,'2018-03-11 12:22:09'),('039293821289',9800,1,'$oldoffice$3*83328705222323020515404251156288*2855956a165ff6511bc7f4cd77b9e101*941861655e73a09c40f7b1e9dfd0c256ed285acd','[d][d][d][d][d]',100000,51036570,'2018-03-11 12:22:09'),('040726778079',50,0,'fc741db0a2968c39d9c2a5cc75b05370:1234','common_passwords_small.8',2871318,36018410,'2018-03-11 12:22:09'),('041376318798',160,0,'d89c92b4400b15c39e462a8caa939ab40c3aeeea:1234','common_passwords_small.8',2871318,36018410,'2018-03-11 12:22:09'),('049878996443',5000,0,'203f88777f18bb4ee1226627b547808f38d90d3e106262b5de9ca943b57137b6','common_passwords_small.8',2871318,36018410,'2018-03-11 12:22:09'),('053787514590',0,1,'8743b52063cd84097a65d1633f5c74f5','[a][a][a][a][a][a][a]',8031810176,11111111,'2018-03-11 12:22:09'),('054874481947',10600,0,'$pdf$5*5*256*-1028*1*16*20583814402184226866485332754315*127*f95d927a94829db8e2fbfbc9726ebe0a391b22a084ccc2882eb107a74f78848120583814402184226866485332754315000000000000000000000000000000000000000000000000000000000000000000000000000000000000000000000000000','common_passwords_small.8',2871318,64027927,'2018-03-11 12:22:09'),('055569525212',11900,0,'md5:1000:MTg1MzA=:Lz84VOcrXd699Edsj34PP98+f4f3S0rTZ4kHAIHoAjs=','common_passwords_small.8',2871318,64027927,'2018-03-11 12:22:09'),('058336910116',9500,0,'$office$*2010*100000*128*16*17a50e14e9af746ff3b854b4bf4a0a30*5e0471db01638c4e7355efcca4a9e8a9*0cdc3c459b9dab763913b66ce86bbc0fb17c937592e51a8127dba8a03fa38f1d','common_passwords_large.32',287131783,64027927,'2018-03-11 12:22:09'),('058888043717',9500,0,'$office$*2010*100000*128*16*17a50e14e9af746ff3b854b4bf4a0a30*5e0471db01638c4e7355efcca4a9e8a9*0cdc3c459b9dab763913b66ce86bbc0fb17c937592e51a8127dba8a03fa38f1d','common_passwords_large.32',287131783,64027927,'2018-03-11 12:22:09'),('063486414159',0,1,'f8cfa9ea0362a2295d24d55851aac2bb','[d][d][d][d][d][d][d][d][d][d]',9999999999,33449542,'2018-03-11 12:22:09'),('066141033974',0,1,'e10adc3949ba59abbe56e057f20f883e','[d][d][d][d][d][d]',0,11111111,'2018-03-11 12:22:09'),('076002337705',0,1,'e10adc3949ba59abbe56e057f20f883e','[d][d][d][d][d][d]',1000000,92436472,'2018-03-11 12:22:09'),('080067679314',6000,0,'012cb9b334ec1aeb71a9c8ce85586082467f7eb6','common_passwords_small.8',2871318,36018410,'2018-03-11 12:22:09'),('080487147006',7000,0,'AK1AAECAwQFBgcICRARNGqgeC3is8gv2xWWRony9NJnDgE=','common_passwords_small.8',2871318,64027927,'2018-03-11 12:22:09'),('083875387640',13000,0,'$rar5$16$74575567518807622265582327032280$15$f8b4064de34ac02ecabfe9abdf93ed6a$8$9843834ed0f7c754','common_passwords_small.8',2871318,64027927,'2018-03-11 12:22:09'),('089415058581',0,1,'1665519df638f09d0610de6985fbdc33','[d][d][d][d][d][d][d][d][d][d][d]',100000000000,92436472,'2018-03-11 12:22:09'),('091715557513',1430,0,'4cc8eb60476c33edac52b5a7548c2c50ef0f9e31ce656c6f4b213f901bc87421:890128','common_passwords_small.8',2871318,36018410,'2018-03-11 12:22:09'),('091811166504',11600,1,'$7z$2$19$0$$8$6e1b37cbfcc102ec0000000000000000$1994447225$48$41$8b16f50ed67e5a78d5cd8adf45d86f993b14ea5e2074a7fcfa0541254085f20579c2c1c51cddf700dcb19db46d969efd$37$00','[d][d][d][d][d][d]',999999,33449542,'2018-03-11 12:22:09'),('094063393069',60,0,'bfd280436f45fa38eaacac3b00518f29:1234','common_passwords_small.8',2871318,36018410,'2018-03-11 12:22:09'),('095799244842',14900,0,'c9350366:44630464','common_passwords_small.8',2871318,64027927,'2018-03-11 12:22:09'),('095858576720',3100,0,'7A963A529D2E3229:3682427524','common_passwords_small.8',2871318,36018410,'2018-03-11 12:22:09'),('097847159604',1300,0,'e4fa1555ad877bf0ec455483371867200eee89550a93eff2f95a6198','common_passwords_small.8',2871318,36018410,'2018-03-11 12:22:09'),('100715181246',150,0,'c898896f3f70f61bc3fb19bef222aa860e5ea717:1234','common_passwords_small.8',2871318,36018410,'2018-03-11 12:22:09'),('104890689987',9600,0,'$office$*2013*100000*256*16*50c66802c4903bd3bfb5e3d427d31f5f*c8e335846b55dfe9cbbfaed3272983b9*53970279abfce34fcab6d58a0b956f1f6bd8161850250cb60e194c2e98778e1e','America_large.32',100911833,92436472,'2018-03-11 12:22:09'),('111446440050',1740,0,'bae3a3358b3459c761a3ed40d34022f0609a02d90a0d7274610b16147e58ece00cd849a0bd5cf6a92ee5eb5687075b4e754324dfa70deca6993a85b2ca865bc8:1237015423','common_passwords_small.8',2871318,36018410,'2018-03-11 12:22:09'),('121343403143',1440,0,'a4bd99e1e0aba51814e81388badb23ecc560312c4324b2018ea76393ea1caca9:12345678','common_passwords_small.8',2871318,36018410,'2018-03-11 12:22:09'),('122785584316',0,1,'$RAR3$*0*37a37adb162c432c*55c334226de2f607dbf6482711fba1d0','[d][d][d][d][d][d]',0,92436472,'2018-03-11 12:22:09'),('125827176574',11800,0,'5d5bdba48c8f89ee6c0a0e11023540424283e84902de08013aeeb626e819950bb32842903593a1d2e8f71897ff7fe72e17ac9ba8ce1d1d2f7e9c4359ea63bdc3','common_passwords_small.8',2871318,64027927,'2018-03-11 12:22:09'),('127495377717',12700,0,'$blockchain$288$5420055827231730710301348670802335e45a6f5f631113cb1148a6e96ce645ac69881625a115fd35256636d0908217182f89bdd53256a764e3552d3bfe68624f4f89bb6de60687ff1ebb3cbf4e253ee3bea0fe9d12d6e8325ddc48cc924666dc017024101b7dfb96f1f45cfcf642c45c83228fe656b2f8','common_passwords_small.8',2871318,64027927,'2018-03-11 12:22:09'),('131934272729',0,0,'e10adc3949ba59abbe56e057f20f883e','common_passwords.large.64',274137692,92436472,'2018-03-11 12:22:09'),('132275401792',0,0,'0fe02a9d6cc5e574b94875a8908e1785','America_large.32',100911833,92436472,'2018-03-11 12:22:09'),('135534981216',12000,0,'sha1:1000:MzU4NTA4MzIzNzA1MDQ=:19ofiY+ahBXhvkDsp0j2ww==','common_passwords_small.8',0,64027927,'2018-03-11 12:22:09'),('138601855703',13400,0,'$keepass$*1*6000*1*31c087828b0bb76362c10cae773aacdf*6d6c78b4f82ecbcd3b96670cf490914c25ea8c31bc3aeb3fc56e65fac16d721f*a735ec88c01816bc66200c8e17ee9110*08334be8523f4b69bd4e2328db854329bfc81e2ea5a46d8ccf3bccf7c03d879d*1*1360*f1e2c6c47f88c2abf4e79dbe73339b7777','common_passwords_small.8',2871318,64027927,'2018-03-11 12:22:09'),('142362749636',0,1,'219167006a73c47c08fd6777b482660f','[a][a][a][a][a][a][d][d][d][d][d][d][d]',3089157760000000,33449542,'2018-03-11 12:22:09'),('149082575703',9600,1,'$office$*2013*100000*256*16*0b52fd31558528e7d90c4ea3e546efb0*a529334466921ee4052219b9fb0adb28*dc2168db167ba7a052f0c4b21032cc5f52743d0568923dd33c93bc7af93ae742','[d][d][d][s][s][s]',35937000,33449542,'2018-03-11 12:22:09'),('149649449748',11600,1,'$7z$2$19$0$$8$6e1b37cbfcc102ec0000000000000000$1994447225$48$41$8b16f50ed67e5a78 d5cd8adf45d86f993b14ea5e2074a7fcfa0541254085f20579c2c1c51cddf700dcb19db46d969efd$37$00','[d][d][d][d][d][d]',0,92436472,'2018-03-11 12:22:09'),('151446746127',0,1,'1665519df638f09d0610de6985fbdc33','[d][d][d][d][d][d][d][d][d][d]',10000000000,92436472,'2018-03-11 12:22:09'),('152044078997',0,1,'7671733d67189cb89ba5a9f4545a6a84','[d][d][d][d][d][d][d][d][d][d][d]',99999999999,92436472,'2018-03-11 12:22:09'),('156659135740',0,1,'495875833308f2f6c292374ebc02a3e2','[d][d][d][d][d][d][d][d][d][d]',10000000000,92436472,'2018-03-11 12:22:09'),('157026474212',0,0,'30f60cefc80f1714371f310373b4fecb','Turkey_mid.32',10250584,92436472,'2018-03-11 12:22:09'),('170017807414',0,1,'e10adc3949ba59abbe56e057f20f883e','[d][d][d][d][d][d]',1000000,92436472,'2018-03-11 12:22:09'),('170754047722',3000,0,'299bd128c1101fd6','common_passwords_small.8',2871318,36018410,'2018-03-11 12:22:09'),('174450456103',100,0,'65cbc074193426135269bada63ec5a0e8ce384fd','America_mid.32',10021010,11111111,'2018-03-11 12:22:09'),('174692401663',501,0,'3u+UR6n8AgABAAAAHxxdXKmiOmUoqKnZlf8lTOhlPYy93EAkbPfs5+49YLFd/B1+omSKbW7DoqNM40/EeVnwJ8kYoXv9zy9D5C5m5A==','common_passwords_small.8',2871318,36018410,'2018-03-11 12:22:09'),('181555565169',0,1,'da3177cbd9f064004b6a0d59a3a484bb','[a][a][a][a][d][d][d][d][d][d]',456976000000,33449542,'2018-03-11 12:22:09'),('187752772234',14400,0,'fd9149fb3ae37085dc6ed1314449f449fbf77aba:87740665218240877702','common_passwords_small.8',2871318,64027927,'2018-03-11 12:22:09'),('194745189286',14700,0,'$itunes_backup$*9*e4618db223720bb6ccdaa2447ce74a821d8254d92f59c56ed6dcd13abdd55e05129198bcb01c83b3*10000*4db54d205cfe657a446ce241ca9ec1441353cf02**','America_large.32',0,92436472,'2018-03-11 12:22:09'),('194978855210',0,1,'ac6c5401f21c08a503cbcba5dd12d20a','[d][d][d][d][d][d][d][d][d][d][d][d][d][d]',100000000000000,92436472,'2018-03-11 12:22:09'),('196321452262',3910,0,'250920b3a5e31318806a032a4674df7e:1234','common_passwords_small.8',2871318,36018410,'2018-03-11 12:22:09'),('199048058361',400,0,'$H$984478476IagS59wHZvyQMArzfx58u.','common_passwords_small.8',2871318,36018410,'2018-03-11 12:22:09'),('201613341080',9400,0,'$office$*2007*20*128*16*b0d999e2cf011554386a6546a290ae23*e6982a38c79ea992a46d328b3c50eb5b*c3ea6767f22208673beec20d5144924b7f8795d8','common_passwords_mid.d',28713179,39707693,'2018-03-11 12:22:09'),('202561944344',0,1,'dd9b6c69b9a8fb7415a2166fc5e31326','[d][d][d][d][d][d][d][d][d][d][d][d][d][d]',100000000000000,64027927,'2018-03-11 12:22:09'),('208576981230',9800,0,'$oldoffice$3*83328705222323020515404251156288*2855956a165ff6511bc7f4cd77b9e101*941861655e73a09c40f7b1e9dfd0c256ed285acd','common_passwords_small.8',2871318,64027927,'2018-03-11 12:22:09'),('211253742052',14000,1,'DD5B57C5A30F0DBD:3389429900A0AD1A','[Aasd][Aasd][Aasd][Aasd][Aasd][Aasd][Aasd][Aasd]',-1,87673812,'2018-03-11 12:22:09'),('211995488252',14700,1,'$itunes_backup$*9*b8e3f3a970239b22ac199b622293fe4237b9d16e74bad2c3c3568cd1bd3c471615a6c4f867265642*10000*4542263740587424862267232255853830404566**','hashc[a][a]',0,92436472,'2018-03-11 12:22:09'),('213236534343',0,1,'','America_large.d',NULL,11111111,'2018-06-03 00:17:38'),('213669942722',8500,0,'$racf$*USER*FC2577C6EBE6265B','common_passwords_small.8',2871318,64027927,'2018-03-11 12:22:09'),('215456075126',300,0,'fcf7c1b8749cf99d88e5f34271d636178fb5d130','common_passwords_small.8',2871318,36018410,'2018-03-11 12:22:09'),('218300825076',6500,0,'{ssha512}06$bJbkFGJAB30L2e23$bXiXjyH5YGIyoWWmEVwq67nCU5t7GLy9HkCzrodRCQCx3r9VvG98o7O3V0r9cVrX3LPPGuHqT5LLn0oGCuI1..','common_passwords_small.8',2871318,36018410,'2018-03-11 12:22:09'),('218725570524',11400,0,'$sip$*192.168.100.100*192.168.100.121*username*asterisk*REGISTER*sip*192.168.100.121**2b01df0b****MD5*ad0520061ca07c120d7e8ce696a6df2d','common_passwords_small.8',2871318,64027927,'2018-03-11 12:22:09'),('220500239516',12500,1,'$RAR3$*0*07d1bfbc2c175171*56559e77*32*8*1*9b63d5fc1d20cd0a5ea2902553b55b682832061b013ae4593bc8e9bc5066d640*33','[d][d][d][d][d][d]',0,33449542,'2018-03-11 12:22:09'),('221431207250',12800,0,'v1;PPH1_MD4,84840328224366186645,100,005a491d8bf3715085d69f934eef7fb19a15ffc233b5382d9827910bc32f3506','common_passwords_small.8',0,64027927,'2018-03-11 12:22:09'),('222131824441',110,1,'$office$*2007*20*128*16*45d59210d6a163e492459c0f56f6d97f*f2a1bf4445f75a1fd4a3ce0603f2d683*08cbb030b85cd15d44db22541dd10b9e1a00b357','',0,10725228,'2018-03-11 12:22:09'),('226191655761',0,0,'0fe02a9d6cc5e574b94875a8908e1785','America_small.32',1115827,92436472,'2018-03-11 12:22:09'),('226960566482',0,1,'b2ae7b437b348c681aae2db633e2018d','[d][d][d][d][d][d][d][d][d][d][d][d]',1000000000000,92436472,'2018-03-11 12:22:09'),('228632032697',15000,0,'632c4952b8d9adb2c0076c13b57f0c934c80bdc14fc1b4c341c2e0a8fd97c4528729c7bd7ed1268016fc44c3c222445ebb880eca9a6638ea5df74696883a2978:0608516311148050266404072407085605002866301131581532805665756363','common_passwords_small.8',2871318,64027927,'2018-03-11 12:22:09'),('231307840089',9600,0,'$office$*2013*100000*256*16*7dd611d7eb4c899f74816d1dec817b3b*948dc0b2c2c6c32f14b5995a543ad037*0b7ee0e48e935f937192a59de48a7d561ef2691d5c8a3ba87ec2d04402a94895','common_passwords_small.8',2871318,64027927,'2018-03-11 12:22:09'),('232080292721',13500,0,'b5e335754127b25ba6f99a94c738e24cd634c35a:aa07d396f5038a6cbeded88d78d1d6c907e4079b3dc2e12fddee409a51cc05ae73e8cc24d518c923a2f79e49376594503e6238b806bfe33fa8516f4903a9b4','common_passwords_small.8',0,64027927,'2018-03-11 12:22:09'),('237694479472',14700,1,'$itunes_backup$*9*b8e3f3a970239b22ac199b622293fe4237b9d16e74bad2c3c3568cd1bd3c471615a6c4f867265642*10000*4542263740587424862267232255853830404566**','[a][a][a][a][a][a][a]',8031810176,92436472,'2018-03-11 12:22:09'),('244113089224',40,0,'d63d0e21fdc05f618d55ef306c54af82:13288442151473','common_passwords_small.8',2871318,36018410,'2018-03-11 12:22:09'),('245900183225',3200,0,'$2a$05$LhayLxezLhK1LhWvKxCyLOj0j1u.Kj0jZ0pEmm134uzrQlFvQJLF6','common_passwords_small.8',2871318,36018410,'2018-03-11 12:22:09'),('248626379575',10900,0,'sha256:1000:MTc3MTA0MTQwMjQxNzY=:PYjCU215Mi57AYPKva9j7mvF4Rc5bCnt','common_passwords_small.8',2871318,64027927,'2018-03-11 12:22:09'),('249154578104',9500,0,'$office$*2010*100000*128*16*77233201017277788267221014757262*b2d0ca4854ba19cf95a2647d5eee906c*e30cbbb189575cafb6f142a90c2622fa9e78d293c5b0c001517b3f5b82993557','common_passwords_small.8',2871318,64027927,'2018-03-11 12:22:09'),('249669446207',0,1,'e10adc3949ba59abbe56e057f20f883e','[d][d][d][d][d][d]',1000000,87673812,'2018-03-11 12:22:09'),('250974072124',10800,0,'07371af1ca1fca7c6941d2399f3610f1e392c56c6d73fddffe38f18c430a2817028dae1ef09ac683b62148a2c8757f42','common_passwords_small.8',2871318,64027927,'2018-03-11 12:22:09'),('252962687461',0,1,'c643c444f2001ccffd148c446b768d5b','[d][d][d][d][d][d][d][d][d][d][d][d][d][d]',100000000000000,33449542,'2018-03-11 12:22:09'),('258554426728',1710,0,'e5c3ede3e49fb86592fb03f471c35ba13e8d89b8ab65142c9a8fdafb635fa2223c24e5558fd9313e8995019dcbec1fb584146b7bb12685c7765fc8c0d51379fd:6352283260','common_passwords_small.8',2871318,36018410,'2018-03-11 12:22:09'),('263220115626',0,1,'8743b52063cd84097a65d1633f5c74f5','[a][a][a][a][a][a][a]',8031810176,11111111,'2018-03-11 12:22:09'),('269505062222',1000,0,'b4b9b02e6f09a9bd760f388b67351e2b','common_passwords_small.8',2871318,36018410,'2018-03-11 12:22:09'),('272482760616',7300,0,'b7c2d6f13a43dce2e44ad120a9cd8a13d0ca23f0414275c0bbe1070d2d1299b1c04da0f1a0f1e4e2537300263a2200000000000000000000140768617368636174:472bdabe2d5d4bffd6add7b3ba79a291d104a9ef','common_passwords_small.8',2871318,64027927,'2018-03-11 12:22:09'),('277254846791',11600,0,'$7z$0$19$0$salt$8$f6196259a7326e3f0000000000000000$185065650$112$98$f3bc2a88062c419a25acd40c0c2d75421cf23263f69c51b13f9b1aada41a8a09f9adeae45d67c60b56aad338f20c0dcc5eb811c7a61128ee0746f922cdb9c59096869f341c7a9cb1ac7bb7d771f546b82cf4e6f11a5ecd4b61751e4d8de6','common_passwords_small.8',2871318,64027927,'2018-03-11 12:22:09'),('278923406285',0,1,'36023ba6e8b420b4fab35ef190078370','[d][d][d][d][d][d][d][d][d][d][d][d]',999999999999,33449542,'2018-03-11 12:22:09'),('284553986240',15700,0,'$DPAPImk$2*2*S-15-21-423929668-478423897-489523715-1834*aes256*sha512*8000*740866e4105c77f800f02d367dd96699*288*ebc2907e16245dfe6c902ad4be70a079e62204c8a947498455056d150e6babb3c90b1616a8dff0e390dd26dda1978dffcbd7b9d7d1ea5c6d3e4df36db4d977051ec01fd6f0882a59','common_passwords_small.8',0,64027927,'2018-03-11 12:22:09'),('286320332440',9400,0,'$office$*2007*20*128*16*b0d999e2cf011554386a6546a290ae23*e6982a38c79ea992a46d328b3c50eb5b*c3ea6767f22208673beec20d5144924b7f8795d8','America_large.d',14433352,39707693,'2018-03-11 12:22:09'),('292473100156',0,1,'8743b52063cd84097a65d1633f5c74f5','[a][a][a][a][a][a][a]',8031810174,92436472,'2018-03-11 12:22:09'),('293980345985',12100,0,'sha512:1000:ODQyMDEwNjQyODY=:MKaHNWXUsuJB3IEwBHbm3w==','common_passwords_small.8',2871318,64027927,'2018-03-11 12:22:09'),('296439600637',120,0,'cac35ec206d868b7d7cb0b55f31d9425b075082b:5363620024','common_passwords_small.8',2871318,36018410,'2018-03-11 12:22:09'),('297412170031',0,1,'8743b52063cd84097a65d1633f5c74f5','[a][a][a][a][a][a][a]',8031810176,92436472,'2018-03-11 12:22:09'),('297426515621',0,0,'26c924b47cf221582c9d5aede42dadf5','[d][d][d][d][d][d][d][d][d][d][d][d][d][d]',0,11111111,'2018-03-11 12:22:09'),('302299268699',20,0,'f0fda58630310a6dd91a7d8f0a4ceda2:4225637426','America_large.32',98560205,36018410,'2018-03-11 12:22:09'),('305068045949',4500,0,'3db9184f5da4e463832b086211af8d2314919951','common_passwords_small.8',2871318,36018410,'2018-03-11 12:22:09'),('305661055965',7500,0,'$krb5pa$23$user$realm$salt$4e751db65422b2117f7eac7b721932dc8aa0d9966785ecd958f971f622bf5c42dc0c70b532363138363631363132333238383835','common_passwords_small.8',2871318,64027927,'2018-03-11 12:22:09'),('306729477471',14000,1,'a28bc61d44bb815c:1172075784504605','hash[a][a][a]',0,87673812,'2018-03-11 12:22:09'),('310158316791',14000,1,'a28bc61d44bb815c:1172075784504605','[a][a][a][a][a][a][a]',-1,87673812,'2018-03-11 12:22:09'),('310969705589',9700,1,'$oldoffice$1*04477077758555626246182730342136*b1b72ff351e41a7c68f6b45c4e938bd6*0d95331895e99f73ef8b6fbc4a78ac1a','[d][d][d][d][d]',100000,51036570,'2018-03-11 12:22:09'),('320725531405',11600,1,'$7z$2$19$0$$8$6e1b37cbfcc102ec0000000000000000$1994447225$48$41$8b16f50ed67e5a78 d5cd8adf45d86f993b14ea5e2074a7fcfa0541254085f20579c2c1c51cddf700dcb19db46d969efd $37$00','[d][d][d][d][d][d]',0,33449542,'2018-03-11 12:22:09'),('321586232631',0,1,'495875833308f2f6c292374ebc02a3e2','[d][d][d][d][d][d][d][d][d][d]',9999999999,33449542,'2018-03-11 12:22:09'),('325035729827',3910,0,'30d0cf4a5d7ed831084c5b8b0ba75b46:1234','common_passwords_small.8',2871318,36018410,'2018-03-11 12:22:09'),('335321485221',4800,0,'afd09efdd6f8ca9f18ec77c5869788c3:01020304050607080910111213141516:01','common_passwords_small.8',2871318,36018410,'2018-03-11 12:22:09'),('338028542061',0,1,'e10adc3949ba59abbe56e057f20f883e','[d][d][d][d][d][d]',999999,92436472,'2018-03-11 12:22:09'),('345930569003',400,0,'$P$984478476IagS59wHZvyQMArzfx58u.','common_passwords_small.8',2871318,36018410,'2018-03-11 12:22:09'),('346634431583',0,1,'100416b93d34d3482c47a7f06ca50f29','[d][d][d][d][d][d][d][d][d][d][d][d][d][d]',100000000000000,92436472,'2018-03-11 12:22:09'),('348343162551',7800,0,'USER$ABCAD719B17E7F794DF7E686E563E9E2D24DE1D0','common_passwords_small.8',2871318,64027927,'2018-03-11 12:22:09'),('356033094504',5100,0,'8743b52063cd8409','common_passwords_small.8',2871318,36018410,'2018-03-11 12:22:09'),('357461685873',12400,0,'_9G..8147mpcfKT8g0U.','common_passwords_small.8',2871318,64027927,'2018-03-11 12:22:09'),('365907707914',13800,0,'95fc4680bcd2a5f25de3c580cbebadbbf256c1f0ff2e9329c58e36f8b914c11f:44713471564805815132101370614224648180884373340317530807476250282716354028156351721401610778541626571651156243645246482024803415134070482220565415002342144335481751016682126581511157651122021','common_passwords_small.8',0,64027927,'2018-03-11 12:22:09'),('368638412907',600,0,'$BLAKE2$296c269e70ac5f0095e6fb47693480f0f7b97ccd0307f5c3bfa4df8f5ca5c9308a0e7108e80a0a9c0ebb715e8b7109b072046c6cd5e155b4cfd2f27216283b1e','common_passwords_small.8',2871318,36018410,'2018-03-11 12:22:09'),('376242079293',10,0,'$office$*2007*20*128*16*45d59210d6a163e492459c0f56f6d97f*f2a1bf4445f75a1fd4a3ce0603f2d683*08cbb030b85cd15d44db22541dd10b9e1a00b357','America_large.32',0,10725228,'2018-03-11 12:22:09'),('377841908860',9400,0,'$office$*2007*20*128*16*941d8bdb94c44b9835b0004ec5527ae2*4372dd31d9f4bf4892647915bf3e623c*f26d60b64dd4954a8e6825ee90589a2dc4ad5de0','America_large.32',100911833,67844606,'2018-03-11 12:22:09'),('379193767261',5700,0,'2btjjy78REtmYkkW0csHUbJZOstRXoWdX1mGrmmfeHI','common_passwords_small.8',2871318,36018410,'2018-03-11 12:22:09'),('381319630000',7400,0,'$5$rounds=5000$GX7BopJZJxPc/KEK$le16UF8I2Anb.rOrn22AUPWvzUETDGefUmAV8AZkGcD','common_passwords_small.8',2871318,64027927,'2018-03-11 12:22:09'),('382718964567',100,0,'08cbb030b85cd15d44db22541dd10b9e1a00b357','America_large.32',100911833,10725228,'2018-03-11 12:22:09'),('385043609951',1420,0,'eb368a2dfd38b405f014118c7d9747fcc97f4f0ee75c05963cd9da6ee65ef498:560407001617','common_passwords_small.8',2871318,36018410,'2018-03-11 12:22:09'),('385099267911',12300,0,'78281A9C0CF626BD05EFC4F41B515B61D6C4D95A250CD4A605CA0EF97168D670EBCB5673B6F5A2FB9CC4E0C0101E659C0C4E3B9B3BEDA846CD15508E88685A2334141655046766111066420254008225','common_passwords_small.8',2871318,64027927,'2018-03-11 12:22:09'),('392162811747',1730,0,'13070359002b6fbb3d28e50fba55efcf3d7cc115fe6e3f6c98bf0e3210f1c6923427a1e1a3b214c1de92c467683f6466727ba3a51684022be5cc2ffcb78457d2:341351589','common_passwords_small.8',2871318,36018410,'2018-03-11 12:22:09'),('396302253602',0,1,'a88289c4722e56742613fb4e150083a2','[d][d][d][d][d][d][d][d][d][d]',10000000000,92436472,'2018-03-11 12:22:09'),('396937023144',14900,0,'c9350366:44630464','common_passwords_small.8',2871318,64027927,'2018-03-11 12:22:09'),('398948466600',14700,0,'$itunes_backup$*9*b8e3f3a970239b22ac199b622293fe4237b9d16e74bad2c3c3568cd1bd3c471615a6c4f867265642*10000*4542263740587424862267232255853830404566**','common_passwords_small.8',0,64027927,'2018-03-11 12:22:09'),('402092928699',14700,0,'$itunes_backup$*9*e4618db223720bb6ccdaa2447ce74a821d8254d92f59c56ed6dcd13abdd55e05129198bcb01c83b3*10000*4db54d205cfe657a446ce241ca9ec1441353cf02**','America_large.32',98560205,10725228,'2018-03-11 12:22:09'),('402564503280',14700,0,'$itunes_backup$*9*e4618db223720bb6ccdaa2447ce74a821d8254d92f59c56ed6dcd13abdd55e05129198bcb01c83b3*10000*4db54d205cfe657a446ce241ca9ec1441353cf02**','America_large.32',0,10725228,'2018-03-11 12:22:09'),('407078062791',9700,0,'$oldoffice$1*04477077758555626246182730342136*b1b72ff351e41a7c68f6b45c4e938bd6*0d95331895e99f73ef8b6fbc4a78ac1a','common_passwords_small.8',2871318,64027927,'2018-03-11 12:22:09'),('408647659807',8400,0,'8084df19a6dc81e2597d051c3d8b400787e2d5a9:6755045315424852185115352765375338838643','common_passwords_small.8',2871318,64027927,'2018-03-11 12:22:09'),('411296417414',10000,0,'pbkdf2_sha256$20000$H0dPx8NeajVu$GiC4k5kqbbR9qWBlsRgDywNqC2vd9kqfk7zdorEnNas=','common_passwords_small.8',2871318,64027927,'2018-03-11 12:22:09'),('415013561179',0,1,'4318aa3068259ed80425581f76e3419f','[d][d][d][d][d][d][d][d][d][d][d][d][d][d]',100000000000000,92436472,'2018-03-11 12:22:09'),('416117075009',14700,0,'$itunes_backup$*9*e4618db223720bb6ccdaa2447ce74a821d8254d92f59c56ed6dcd13abdd55e05129198bcb01c83b3*10000*4db54d205cfe657a446ce241ca9ec1441353cf02**','common_passwords_large.32',287131783,10725228,'2018-03-11 12:22:09'),('418725216748',0,1,'f41d7fedd0171fc477c9c982b82eb8a8','[d][d][d][d][d][d][d][d][d][d][d][d][d][d]',100000000000000,92436472,'2018-03-11 12:22:09'),('419601576328',4520,0,'a0f835fdf57d36ebd8d0399cc44e6c2b86a1072b:511358214352751667201107073531735211566650747315','common_passwords_small.8',2871318,36018410,'2018-03-11 12:22:09'),('422796057266',14000,1,'DD5B57C5A30F0DBD:3389429900A0AD1A','[Aasd][Aasd][Aasd][Aasd][Aasd][Aasd][Aasd][Aasd]',6634204312890625,87673812,'2018-03-11 12:22:09'),('423058430059',0,1,'03fe23c023ec094e854ae21710dc2d8e','[d][d][d][d][d][d][d][d][d][d][d][d][d][d]',100000000000000,92436472,'2018-03-11 12:22:09'),('424086138138',9400,0,'$office$*2007*20*128*16*b0d999e2cf011554386a6546a290ae23*e6982a38c79ea992a46d328b3c50eb5b*c3ea6767f22208673beec20d5144924b7f8795d8','common_passwords_small.d',-1,39707693,'2018-03-11 12:22:09'),('429256603649',0,1,'2a8480a2839f2acf1f958699ba013f63','[d][d][d][d][d][d][d][d][d][d][d][d][d][d]',100000000000000,92436472,'2018-03-11 12:22:09'),('429378473949',11600,1,'$7z$2$19$0$$8$6e1b37cbfcc102ec0000000000000000$1994447225$48$41$8b16f50ed67e5a78 d5cd8adf45d86f993b14ea5e2074a7fcfa0541254085f20579c2c1c51cddf700dcb19db46d969efd $37$00','[d][d][d][d][d][d]',0,92436472,'2018-03-11 12:22:09'),('434411318214',15200,0,'$blockchain$v2$5000$288$06063152445005516247820607861028813ccf6dcc5793dc0c7a82dcd604c5c3e8d91bea9531e628c2027c56328380c87356f86ae88968f179c366da9f0f11b09492cea4f4d591493a06b2ba9647faee437c2f2c0caaec9ec795026af51bfa68fc713eaac522431da8045cc6199695556fc2918c','common_passwords_small.8',2871318,64027927,'2018-03-11 12:22:09'),('438385458868',8700,0,'(GDpOtD35gGlyDksQRxEU)','common_passwords_small.8',2871318,64027927,'2018-03-11 12:22:09'),('442555164656',4700,0,'92d85978d884eb1d99a51652b1139c8279fa8663','common_passwords_small.8',2871318,36018410,'2018-03-11 12:22:09'),('445993182359',3710,0,'95248989ec91f6d0439dbde2bd0140be:1234','common_passwords_small.8',2871318,36018410,'2018-03-11 12:22:09'),('447347585814',13600,0,'$zip2$*0*3*0*b5d2b7bf57ad5e86a55c400509c672bd*d218*0**ca3d736d03a34165cfa9*$/zip2$','common_passwords_small.8',0,64027927,'2018-03-11 12:22:09'),('449178662059',12600,0,'aee9edab5653f509c4c63e559a5e967b4c112273bc6bd84525e630a3f9028dcb:5136256866783777334574783782810410706883233321141647265340462733','common_passwords_small.8',2871318,64027927,'2018-03-11 12:22:09'),('452294782972',4110,0,'b4cb5c551a30f6c25d648560408df68a:1234','common_passwords_small.8',2871318,36018410,'2018-03-11 12:22:09'),('457499391380',0,1,'29f03692381f65538ac108499a17eda6','[d][d][d][d][d][d][d][d][d][d][d][a]',2600000000000,92436472,'2018-03-11 12:22:09'),('461897971373',2400,0,'dRRVnUmUHXOTt9nk','common_passwords_small.8',2871318,36018410,'2018-03-11 12:22:09'),('463099684344',10400,1,'$pdf$1*2*40*-1*0*16*51726437280452826511473255744374*32*9b09be05c226214fa1178342673d86f273602b95104f2384b6c9b709b2cbc058*32*0000000000000000000000000000000000000000000000000000000000000000','[aAds][aAds][aAds][Ads]',59158875,51036570,'2018-03-11 12:22:09'),('463804346610',13900,0,'6e36dcfc6151272c797165fce21e68e7c7737e40:472433673','common_passwords_small.8',2871318,64027927,'2018-03-11 12:22:09'),('465352513649',14000,1,'a28bc61d44bb815c:1172075784504605','hash[a][a][a]',-1,87673812,'2018-03-11 12:22:09'),('474964215469',2410,0,'02dMBMYkTdC5Ziyp:36','common_passwords_small.8',2871318,36018410,'2018-03-11 12:22:09'),('475444598411',0,1,'e10adc3949ba59abbe56e057f20f883e','[d][d][d][d][d][d]',1000000,87673812,'2018-03-11 12:22:09'),('481986751133',8100,0,'1765058016a22f1b4e076dccd1c3df4e8e5c0839ccded98ea','common_passwords_small.8',2871318,64027927,'2018-03-11 12:22:09'),('487975260055',15100,0,'$sha1$15100$jiJDkz0E$E8C7RQAD3NetbSDz7puNAY.5Y2jr','common_passwords_small.8',2871318,64027927,'2018-03-11 12:22:09'),('501632150109',13100,0,'$krb5tgs$23$*user$realm$test/spn*$63386d22d359fe42230300d56852c9eb$891ad31d09ab89c6b3b8c5e5de6c06a7f49fd559d7a9a3c32576c8fedf705376cea582ab5938f7fc8bc741acf05c5990741b36ef4311fe3562a41b70a4ec6ecba849905f2385bb3799d92499909658c7287c49160276bca0006c350b0db4f','common_passwords_small.8',2871318,64027927,'2018-03-11 12:22:09'),('505247298706',8600,0,'3dd2e1e5ac03e230243d58b8c5ada076','common_passwords_small.8',2871318,64027927,'2018-03-11 12:22:09'),('506375733185',14000,1,'1172075784504605','hash[a][a][a]',-1,87673812,'2018-03-11 12:22:09'),('511422786696',14000,0,'a28bc61d44bb815c:1172075784504605','common_passwords_small.8',2871318,64027927,'2018-03-11 12:22:09'),('519228354698',8000,0,'0xc00778168388631428230545ed2c976790af96768afa0806fe6c0da3b28f3e132137eac56f9bad027ea2','common_passwords_small.8',2871318,64027927,'2018-03-11 12:22:09'),('520059362298',1750,0,'94cb9e31137913665dbea7b058e10be5f050cc356062a2c9679ed0ad6119648e7be620e9d4e1199220cd02b9efb2b1c78234fa1000c728f82bf9f14ed82c1976:1234','common_passwords_small.8',2871318,36018410,'2018-03-11 12:22:09'),('521372440475',9600,1,'$office$*2013*100000*256*16*7dd611d7eb4c899f74816d1dec817b3b*948dc0b2c2c6c32f14b5995a543ad037*0b7ee0e48e935f937192a59de48a7d561ef2691d5c8a3ba87ec2d04402a94895','[d][d][d][d][d][d]',1000000,51036570,'2018-03-11 12:22:09'),('521481412934',9400,0,'$office$*2007*20*128*16*b0d999e2cf011554386a6546a290ae23*e6982a38c79ea992a46d328b3c50eb5b*c3ea6767f22208673beec20d5144924b7f8795d8','America_small.d',-1,39707693,'2018-03-11 12:22:09'),('524757242054',1410,0,'c73d08de890479518ed60cf670d17faa26a4a71f995c1dcc978165399401a6c4:53743528','common_passwords_small.8',2871318,36018410,'2018-03-11 12:22:09'),('527695401271',11600,1,'$7z$2$19$0$$8$6e1b37cbfcc102ec0000000000000000$1994447225$48$41$8b16f50ed67e5a78d5cd8adf45d86f993b14ea5e2074a7fcfa0541254085f20579c2c1c51cddf700dcb19db46d969efd$37$00','[d][d][d][d][d][d]',1000000,92436472,'2018-03-11 12:22:09'),('531500718480',9100,0,'(HsjFebq0Kh9kH7aAZYc7kY30mC30mC3KmC30mCluagXrvWKj1)','common_passwords_small.8',2871318,64027927,'2018-03-11 12:22:09'),('535427643824',0,1,'8743b52063cd84097a65d1633f5c74f5','[a][a][a][a][a][a][a]',8031810176,92436472,'2018-03-11 12:22:09'),('539415658445',4300,0,'b8c385461bb9f9d733d3af832cf60b27','common_passwords_small.8',2871318,36018410,'2018-03-11 12:22:09'),('540920177405',13600,0,'$zip2$*0*3*0*b5d2b7bf57ad5e86a55c400509c672bd*d218*0**ca3d736d03a34165cfa9*$/zip2$','common_passwords_small.8',0,64027927,'2018-03-11 12:22:09'),('544978869323',0,0,'e10adc3949ba59abbe56e057f20f883e','common_passwords.small.32',2741377,92436472,'2018-03-11 12:22:09'),('547072623102',20,0,'$76NguqE2$SSe.60QvJp0n.UyDavrHQ0','America_large.d',-1,10725228,'2018-03-11 12:22:09'),('550177244908',4900,0,'85087a691a55cbb41ae335d459a9121d54080b80:488387841','common_passwords_small.8',2871318,36018410,'2018-03-11 12:22:09'),('553964363641',0,1,'a88289c4722e56742613fb4e150083a2','[d][d][d][d][d][d][d][d][d][d]',10000000000,92436472,'2018-03-11 12:22:09'),('554585232342',100,0,'b89eaac7e61417341b710b727768294d0e6a277b','common_passwords_small.8',2871318,36018410,'2018-03-11 12:22:09'),('556568208681',0,1,'9d7f4edb931170fa625b16a659490ee6','[d][d][d][d][d][d][d][d][d][d][d][d][d]',10000000000000,92436472,'2018-03-11 12:22:09'),('557794929479',130,0,'c57f6ac1b71f45a07dbd91a59fa47c23abcd87c2:631225','common_passwords_small.8',2871318,36018410,'2018-03-11 12:22:09'),('559696895187',4400,0,'288496df99b33f8f75a7ce4837d1b480','common_passwords_small.8',2871318,36018410,'2018-03-11 12:22:09'),('562661988745',0,1,'b2ae7b437b348c681aae2db633e2018d','[d][d][d][d][d][d][d][d][d][d][d][d]',0,92436472,'2018-03-11 12:22:09'),('563429869605',11600,1,'$7z$0$19$0$$8$f1e5d4eea90acd8c0000000000000000$1993681800$176$162$9b26014c02481a432c144f7aa4b19cab08096d5ade911acd0c3acc6cfa599e96c4c57e3acd1e9b2f14f9e72703ee80be9f69657f936d1df444a873299d678b44febbf5f3f2e89fa9132b8397c8aeac3c2c79f84fbc684af219a8d04f6979b4','[d][d][d][d][d][d][d]',10000000,92436472,'2018-03-11 12:22:09'),('565388367387',0,1,'$office$*2007*20*128*16*941d8bdb94c44b9835b0004ec5527ae2*4372dd31d9f4bf4892647915bf3e623c*f26d60b64dd4954a8e6825ee90589a2dc4ad5de0','',0,67844606,'2018-03-11 12:22:09'),('568776080766',13400,0,'$keepass$*2*6000*222*15b6b685bae998f2f608c909dc554e514f2843fbac3c7c16ea3600cc0de30212*c417098b445cfc7a87d56ba17200836f30208d38f75a4169c0280bab3b10ca2a*0d15a81eadccc58b1d3942090cd0ba66*57c4aa5ac7295a97da10f8b2f2d2bfd7a98b0faf75396bc1b55164a1e1dc7e52*2b822bb','common_passwords_small.8',2871318,64027927,'2018-03-11 12:22:09'),('569552355766',11000,0,'810e3d12f0f10777a679d9ca1ad7a8d9:M2uZ122bSHJ4Mi54tXGY0lqcv1r28mUluSkyw37ou5oia4i239ujqw0l','common_passwords_small.8',2871318,64027927,'2018-03-11 12:22:09'),('570017680340',9600,0,'$office$*2013*100000*256*16*d1a0e5f0d12482c4ca67b12b5d48c2b8*c306d52f2c237ea3b382c28fc8169ed8*a8086593b0253c78e736b020886fb7c312f2ceb43c5f920fbe59e22a0f01f2d3','Japan_large.d',13167329,98478662,'2018-03-11 12:22:09'),('577989856979',13200,0,'$axcrypt$*1*10000*aaf4a5b4a7185551fea2585ed69fe246*45c616e901e48c6cac7ff14e8cd99113393be259c595325e','common_passwords_small.8',2871318,64027927,'2018-03-11 12:22:09'),('578612649312',13300,0,'$axcrypt_sha1$b89eaac7e61417341b710b727768294d0e6a277b','common_passwords_small.8',2871318,64027927,'2018-03-11 12:22:09'),('580580206526',2600,0,'a936af92b0ae20b1ff6c3347a72e5fbe','common_passwords_small.8',2871318,36018410,'2018-03-11 12:22:09'),('580962188369',7900,0,'$S$C33783772bRXEx1aCsvY.dqgaaSu76XmVlKrW9Qu8IQlvxHlmzLf','common_passwords_small.8',2871318,64027927,'2018-03-11 12:22:09'),('590556531090',0,1,'06924e647a6eb673d6de22a7259cba93','[d][d][d][d][d][d][d][d][d][d][d][d]',1000000000000,92436472,'2018-03-11 12:22:09'),('595070286422',13000,1,'$rar5$16$74575567518807622265582327032280$15$f8b4064de34ac02ecabfe9abdf93ed6a$8$9843834ed0f7c754','[d][d][d][d][d]',100000,51036570,'2018-03-11 12:22:09'),('602868588623',0,1,'600c849881fb596aacc5717f29f6081a','[d][d][d][d][d][d][a][a][a][a][a]',11881376000000,33449542,'2018-03-11 12:22:09'),('603659121910',1400,1,'127e6fbfe24a750e72930c220a8e138275656b8e5d8f48a98c3c92df2caba935','[a][a][a][a][a][a][a]',8031810176,11111111,'2018-03-11 12:22:09'),('605811313482',14800,0,'$itunes_backup$*10*8b715f516ff8e64442c478c2d9abb046fc6979ab079007d3dbcef3ddd84217f4c3db01362d88fa68*10000*2353363784073608264337337723324886300850*10000000*425b4bb4e200b5fd4c66979c9caca31716052063','common_passwords_small.8',2871318,64027927,'2018-03-11 12:22:09'),('606909376965',9400,0,'$office$*2007*20*128*16*0f4d7136121de084da6b09c8851e2a64*3710fb82f876a3debeac1f3b183a11c7*aaa9d77b3fa8aed733a47cb05b1032c8fcb18f2f','Japan_small.d',4389109,98478662,'2018-03-11 12:22:09'),('608971561442',1460,0,'8efbef4cec28f228fa948daaf4893ac3638fbae81358ff9020be1d7a9a509fc6:1234','common_passwords_small.8',2871318,36018410,'2018-03-11 12:22:09'),('611359333121',15600,0,'$ethereum$p*262144*3238383137313130353438343737383736323437353437383831373034343735*06eae7ee0a4b9e8abc02c9990e3730827396e8531558ed15bb733faf12a44ce1*e6d5891d4f199d31ec434fe25d9ecc2530716bc3b36d5bdbc1fab7685dda3946','common_passwords_small.8',2871318,64027927,'2018-03-11 12:22:09'),('615957351634',5800,0,'0223b799d526b596fe4ba5628b9e65068227e68e:f6d45822728ddb2c','common_passwords_small.8',2871318,36018410,'2018-03-11 12:22:09'),('616893468945',9600,0,'$office$*2013*100000*256*16*0e58c442cdb2c49f6b581b6303a87864*c83939d42a5236d8a56dc725bffb388b*88a87a76cbb5076501bd599a039048ddbe70288e2a3d973a216a8306d8ef39ab','Europe_large.32',10228284,92436472,'2018-03-11 12:22:09'),('619939632329',0,1,'8743b52063cd84097a65d1633f5c74f5','[a][a][a][a][a][a][a]',8031810176,11111111,'2018-03-11 12:22:09'),('622334586197',9500,0,'$office$*2010*100000*128*16*17a50e14e9af746ff3b854b4bf4a0a30*5e0471db01638c4e7355efcca4a9e8a9*0cdc3c459b9dab763913b66ce86bbc0fb17c937592e51a8127dba8a03fa38f1d','America_large.32',0,64027927,'2018-03-11 12:22:09'),('626838339665',0,1,'25d55ad283aa400af464c76d713c07ad','[d][d][d][d][d][d][d][d]',100000000,92436472,'2018-03-11 12:22:09'),('630725096926',15700,0,'$ethereum$s*262144*1*8*3436383737333838313035343736303637353530323430373235343034363130*8b58d9d15f579faba1cd13dd372faeb51718e7f70735de96f0bcb2ef4fb90278*8de566b919e6825a65746e266226316c1add8d8c3d15f54640902437bcffc8c3','common_passwords_small.8',2871318,64027927,'2018-03-11 12:22:09'),('631335290464',9500,0,'$office$*2010*100000*128*16*17a50e14e9af746ff3b854b4bf4a0a30*5e0471db01638c4e7355efcca4a9e8a9*0cdc3c459b9dab763913b66ce86bbc0fb17c937592e51a8127dba8a03fa38f1d','America_large.32',98560205,64027927,'2018-03-11 12:22:09'),('633369374647',6300,0,'{smd5}a5/yTL/u$VfvgyHx1xUlXZYBocQpQY0','common_passwords_small.8',2871318,36018410,'2018-03-11 12:22:09'),('634618269060',14000,0,'a28bc61d44bb815c:1172075784504605','common_passwords_small.8',2871318,64027927,'2018-03-11 12:22:09'),('639065098485',7700,0,'USER$C8B48F26B87B7EA7','common_passwords_small.8',2871318,64027927,'2018-03-11 12:22:09'),('641104661120',8900,0,'SCRYPT:1024:1:1:MDIwMzMwNTQwNDQyNQ==:5FW+zWivLxgCWj7qLiQbeC8zaNQ+qdO0NUinvqyFcfo=','common_passwords_small.8',2871318,64027927,'2018-03-11 12:22:09'),('647890096646',0,1,'8743b52063cd84097a65d1633f5c74f5','[a][a][a][a][a][a][a]',8031810176,92436472,'2018-03-11 12:22:09'),('648487321512',0,1,'a300c052ee61d8308e69ff286d3800b1','[d][d][d][d][d][d][d][d][d][d][d][d][d]',10000000000000,33449542,'2018-03-11 12:22:09'),('652922712670',0,1,'bc99ddf1e1b0bfd157f2dab92223c67f','[d][d][d][d][d][d][d][d][d][d][d][d][d]',10000000000000,33449542,'2018-03-11 12:22:09'),('659726999383',0,1,'92b9cccc0b98c3a0b8d0df25a421c0e3','[a][a][a][a][a][a][a][a][a][a][a]',3670344486987776,33449542,'2018-03-11 12:22:09'),('660834423288',0,0,'e10adc3949ba59abbe56e057f20f883e','common_passwords.mid.128',27413779,92436472,'2018-03-11 12:22:09'),('662374755701',9600,0,'$office$*2013*100000*256*16*50c66802c4903bd3bfb5e3d427d31f5f*c8e335846b55dfe9cbbfaed3272983b9*53970279abfce34fcab6d58a0b956f1f6bd8161850250cb60e194c2e98778e1e','America_large.32',100911833,11111111,'2018-03-11 12:22:09'),('664246188895',9300,0,'$9$2MJBozw/9R3UsU$2lFhcKvpghcyw8deP25GOfyZaagyUOGBymkryvOdfo6','common_passwords_small.8',2871318,64027927,'2018-03-11 12:22:09'),('664814704974',15600,0,'$ethereum$p*262144*3238383137313130353438343737383736323437353437383831373034343735*06eae7ee0a4b9e8abc02c9990e3730827396e8531558ed15bb733faf12a44ce1*e6d5891d4f199d31ec434fe25d9ecc2530716bc3b36d5bdbc1fab7685dda3946','common_passwords_small.8',0,64027927,'2018-03-11 12:22:09'),('669695885170',4010,0,'30d0cf4a5d7ed831084c5b8b0ba75b46:1234','common_passwords_small.8',2871318,36018410,'2018-03-11 12:22:09'),('669851074343',9500,1,'$office$*2010*100000*128*16*77233201017277788267221014757262*b2d0ca4854ba19cf95a2647d5eee906c*e30cbbb189575cafb6f142a90c2622fa9e78d293c5b0c001517b3f5b82993557','[a][a][a][a][a]',11881376,51036570,'2018-03-11 12:22:09'),('674043865032',15300,0,'$DPAPImk$1*1*S-15-21-466364039-425773974-453930460-1925*des3*sha1*24000*b038489dee5ad04e3e3cab4d957258b5*208*cb9b5b7d96a0d2a00305ca403d3fd9c47c561e35b4b2cf3aebfd1d3199a6481d56972be7ebd6c291b199e6f1c2ffaee91978706737e9b1209e6c7d3aa3d8c3c3e38ad1ccfa39400d62c','common_passwords_small.8',2871318,64027927,'2018-03-11 12:22:09'),('675441590463',0,1,'44a5deb9e53f0d12814c2e4b39b4f793','[d][d][d][d][d][d][d][d][d][d]',10000000000,92436472,'2018-03-11 12:22:09'),('677560656945',11700,0,'57e9e50caec93d72e9498c211d6dc4f4d328248b48ecf46ba7abfa874f666e36','common_passwords_small.8',2871318,64027927,'2018-03-11 12:22:09'),('683057208415',500,0,'$1$28772684$iEwNOgGugqO9.bIz5sk8k/','common_passwords_small.8',2871318,36018410,'2018-03-11 12:22:09'),('683680478299',11300,0,'$bitcoin$96$d011a1b6a8d675b7a36d0cd2efaca32a9f8dc1d57d6d01a58399ea04e703e8bbb44899039326f7a00f171a7bbc854a54$16$1563277210780230$158555$96$628835426818227243334570448571536352510740823233055715845322741625407685873076027233865346542174$66$62588287548051375','common_passwords_small.8',2871318,64027927,'2018-03-11 12:22:09'),('691759117262',15400,0,'$chacha20$*0400000000000003*9*0200000000000001*4a4b4c4d4e4f5051*676e31b5ad612c2b','common_passwords_small.8',2871318,64027927,'2018-03-11 12:22:09'),('693169296919',12500,1,'$RAR3$*0*37a37adb162c432c*55c334226de2f607dbf6482711fba1d0','[d][d][d][d][d][d]',1000000,92436472,'2018-03-11 12:22:09'),('696052794474',14700,0,'$itunes_backup$*9*e4618db223720bb6ccdaa2447ce74a821d8254d92f59c56ed6dcd13abdd55e05129198bcb01c83b3*10000*4db54d205cfe657a446ce241ca9ec1441353cf02**','America_mid.32',0,92436472,'2018-03-11 12:22:09'),('698680025270',13600,1,'$zip2$*0*3*0*b5d2b7bf57ad5e86a55c400509c672bd*d218*0**ca3d736d03a34165cfa9*$/zip2$','[aAds][aAds][d][d]',902500,51036570,'2018-03-11 12:22:09'),('713112782426',14000,1,'DD5B57C5A30F0DBD:3389429900A0AD1A','[Aasd][Aasd][Aasd][Aasd][Aasd][Aasd][Aasd][Aasd][Aasd][Aasd][Aasd][Aasd][Aasd][Aasd][Aasd][Aasd][Aasd]',-1,87673812,'2018-03-11 12:22:09'),('727176359720',0,1,'2cb1a0233e3ee179fb883fd13a6d7cf3','[d][d][d][d][d][d][d][d][d][d][d][d]',1000000000000,92436472,'2018-03-11 12:22:09'),('728400578363',1800,0,'$6$52450745$k5ka2p8bFuSmoVT1tzOyyuaREkkKBcCNqoDKzYiJL9RaE8yMnPgh2XzzF0NDrUhgrcLwg78xs1w5pJiypEdFX/','common_passwords_small.8',2871318,36018410,'2018-03-11 12:22:09'),('737978185321',14100,0,'37387ff8d8dafe15:8152001061460743','common_passwords_small.8',2871318,64027927,'2018-03-11 12:22:09'),('749249143571',14100,0,'37387ff8d8dafe15:8152001061460743','common_passwords_small.8',2871318,64027927,'2018-03-11 12:22:09'),('749289034257',9500,0,'$office$*2010*100000*128*16*17a50e14e9af746ff3b854b4bf4a0a30*5e0471db01638c4e7355efcca4a9e8a9*0cdc3c459b9dab763913b66ce86bbc0fb17c937592e51a8127dba8a03fa38f1d','Europe_large.32',10228284,64027927,'2018-03-11 12:22:09'),('760208229356',10700,0,'$pdf$5*6*256*-4*1*16*381692e488413f5502fa7314a78c25db*48*e5bf81a2a23c88f3dccb44bc7da68bb5606b653b733bcf9adaa5eb2c8ccf53abba66539044eb1957eda68469b1d0b9b5*48*b222df06deb308bf919d13447e688775fdcab972faed2c866dc023a126cb4cd4bbffab3683ecde243cf8d88967184680','common_passwords_small.8',2871318,64027927,'2018-03-11 12:22:09'),('761815995913',100,1,'6b7205e353065d05166de0beb4c575bd426e2ef0','[a][a][a][a][a]asy',11881374,92436472,'2018-03-11 12:22:09'),('763851779399',10,0,'01dfae6e5d4d90d9892622325959afbe:7050461','common_passwords_small.8',2871318,36018410,'2018-03-11 12:22:09'),('772179532327',10100,0,'ad61d78c06037cd9:2:4:81533218127174468417660201434054','common_passwords_small.8',2871318,64027927,'2018-03-11 12:22:09'),('775336567567',0,0,'$itunes_backup$*9*e4618db223720bb6ccdaa2447ce74a821d8254d92f59c56ed6dcd13abdd55e05129198bcb01c83b3*10000*4db54d205cfe657a446ce241ca9ec1441353cf02**','America_small.smart.32',0,92436472,'2018-03-11 12:22:09'),('776427126023',6900,0,'df226c2c6dcb1d995c0299a33a084b201544293c31fc3d279530121d36bbcea9','common_passwords_small.8',2871318,64027927,'2018-03-11 12:22:09'),('777055580601',7100,0,'$ml$35460$93a94bd24b5de64d79a5e49fa372827e739f4d7b6975c752c9a0ff1e5cf72e05$752351df64dd2ce9dc9c64a72ad91de6581a15c19176266b44d98919dfa81f0f96cbcb20a1ffb400718c20382030f637892f776627d34e021bad4f81b7de8222','common_passwords_small.8',2871318,64027927,'2018-03-11 12:22:09'),('780586732511',13400,0,'$keepass$*2*6000*222*a279e37c38b0124559a83fa452a0269d56dc4119a5866d18e76f1f3fd536d64d*7ec7a06bc975ea2ae7c8dcb99e826a308564849b6b25d858cbbc78475af3733f*d477c849bf2278b7a1f626c81e343553*38c8ec186141c2705f2bcb334a730933ed3b0ee11391e1100fbaf429f6c99078*1ada85f','common_passwords_small.8',2871318,64027927,'2018-03-11 12:22:09'),('781651551802',10200,0,'$cram_md5$PG5vLXJlcGx5QGhhc2hjYXQubmV0Pg==$dXNlciA0NGVhZmQyMmZlNzY2NzBmNmIyODc5MDgxYTdmNWY3MQ==','common_passwords_small.8',2871318,64027927,'2018-03-11 12:22:09'),('786531474590',10600,0,'$7z$0$19$0$salt$8$f6196259a7326e3f0000000000000000$185065650$112$98$f3bc2a88062c419a25acd40c0c2d75421cf23263f69c51b13f9b1aada41a8a09f9adeae45d67c60b56aad338f20c0dcc5eb811c7a61128ee0746f922cdb9c59096869f341c7a9cb1ac7bb7d771f546b82cf4e6f11a5ecd4b61751e4d8de6','common_passwords_small.8',0,64027927,'2018-03-11 12:22:09'),('787123712091',110,0,'2fc5a684737ce1bf7b3b239df432416e0dd07357:2014','common_passwords_small.8',2871318,36018410,'2018-03-11 12:22:09'),('797645154065',9900,0,'22527bee5c29ce95373c4e0f359f079b','common_passwords_small.8',2871318,64027927,'2018-03-11 12:22:09'),('800043835746',1400,0,'127e6fbfe24a750e72930c220a8e138275656b8e5d8f48a98c3c92df2caba935','common_passwords_small.8',2871318,36018410,'2018-03-11 12:22:09'),('802343290438',0,1,'4895f5e6e48a04e66e813055dc49635c','[d][d][d][d][d][d][d][d][d][d][d]',0,33449542,'2018-03-11 12:22:09'),('813881915965',5600,0,'admin::N46iSNekpT:08ca45b7d7ea58ee:88dcbe4446168966a153a0064958dac6:5c7830315c7830310000000000000b45c67103d07d7b95acd12ffa11230e0000000052920b85f78d013c31cdb3b92f5d765c783030','common_passwords_small.8',0,36018410,'2018-03-11 12:22:09'),('818447490755',1100,0,'4dd8965d1d476fa0d026722989a6b772:3060147285011','common_passwords_small.8',2871318,36018410,'2018-03-11 12:22:09'),('822011653522',100,1,'08cbb030b85cd15d44db22541dd10b9e1a00b357','',0,10725228,'2018-03-11 12:22:09'),('829898086077',9400,1,'$office$*2007*20*128*16*b0d999e2cf011554386a6546a290ae23*e6982a38c79ea992a46d328b3c50eb5b*c3ea6767f22208673beec20d5144924b7f8795d8','[Aasd][Aasd][Aasd][Aasd][d][d][d][d][d][d]',81450625000000,87673812,'2018-03-11 12:22:09'),('830264927362',11500,0,'c762de4a:00000000','common_passwords_small.8',2871318,64027927,'2018-03-11 12:22:09'),('831475263729',10400,0,'$pdf$1*2*40*-1*0*16*51726437280452826511473255744374*32*9b09be05c226214fa1178342673d86f273602b95104f2384b6c9b709b2cbc058*32*0000000000000000000000000000000000000000000000000000000000000000','common_passwords_small.8',2871318,64027927,'2018-03-11 12:22:09'),('831676367604',0,1,'8743b52063cd84097a65d1633f5c74f5','[a][a][a][a][a][a][a]',8031810176,92436472,'2018-03-11 12:22:09'),('832896352107',9700,0,'$oldoffice$1*917c652cda6170985bbbf9a57ad89f2d*9dab71d45654b691cc025f6e04371b24*a1be1955b8585bb8d82e2859f621b0d8:::::','China_mainland_large.32',0,98478662,'2018-03-11 12:22:09'),('835473597210',200,0,'7196759210defdc0','common_passwords_small.8',2871318,36018410,'2018-03-11 12:22:09'),('840532743820',0,1,'feb973ec14c15cda1a96052904a57293','[s][d][d][d][d][d][d][d][a][a][a]',5800080000000,33449542,'2018-03-11 12:22:09'),('841604914252',900,0,'afe04867ec7a3845145579a95f72eca7','common_passwords_small.8',2871318,36018410,'2018-03-11 12:22:09'),('841670925781',30,0,'b31d032cfdcf47a399990a71e43c5d2a:144816','common_passwords_small.8',2871318,36018410,'2018-03-11 12:22:09'),('846576969156',13000,1,'$rar5$16$df082136ce9da0acc330fb0e82af7a1b$15$e6ca646aa69b513c4a07621fb1d88ee2$8$1753ce235aa50c47','[d][d][d][d][d][d]',1000000,11111111,'2018-03-11 12:22:09'),('847334589001',1600,0,'$apr1$71850310$gh9m4xcAn3MGxogwX/ztb.','common_passwords_small.8',2871318,36018410,'2018-03-11 12:22:09'),('848642523522',11100,0,'$postgres$postgres*f0784ea5*2091bb7d4725d1ca85e8de6ec349baf6','common_passwords_small.8',2871318,64027927,'2018-03-11 12:22:09'),('848708144396',9500,0,'$office$*2010*100000*128*16*17a50e14e9af746ff3b854b4bf4a0a30*5e0471db01638c4e7355efcca4a9e8a9*0cdc3c459b9dab763913b66ce86bbc0fb17c937592e51a8127dba8a03fa38f1d','China_mainland_large.32',623611345,64027927,'2018-03-11 12:22:09'),('849870731232',0,1,'c45022bbd4564448521c8dba6159f55b','[d][d][d][d][d][d][d][d][d][d][d][d][d][d]',100000000000000,92436472,'2018-03-11 12:22:09'),('851598336953',0,1,'d9d1fdb936d549a15a2be3434e671f85','[d][d][d][d][d][d][d][d][d][d][d][d][d][d]',100000000000000,33449542,'2018-03-11 12:22:09'),('858783748219',10300,0,'{x-issha, 1024}C0624EvGSdAMCtuWnBBYBGA0chvqAflKY74oEpw/rpY=','common_passwords_small.8',2871318,64027927,'2018-03-11 12:22:09'),('859753799562',13400,0,'$keepass$*1*50000*0*375756b9e6c72891a8e5645a3338b8c8*82afc053e8e1a6cfa39adae4f5fe5e59f545a54d6956593d1709b39cacd7f796*c698fbfc7d1b71431d10611e2216ab21*24a63140f4eb3bfd7d59b7694eea38d1d93a43bc3af989755d2b326286c4d510*1*192*1a65072f436e9da0c9e832eca225a04ab7','common_passwords_small.8',2871318,64027927,'2018-03-11 12:22:09'),('861901619334',140,0,'5db61e4cd8776c7969cfd62456da639a4c87683a:8763434884872','common_passwords_small.8',2871318,36018410,'2018-03-11 12:22:09'),('869890886729',14700,0,'$itunes_backup$*9*e4618db223720bb6ccdaa2447ce74a821d8254d92f59c56ed6dcd13abdd55e05129198bcb01c83b3*10000*4db54d205cfe657a446ce241ca9ec1441353cf02**','America_small.smart.32',0,92436472,'2018-03-11 12:22:09'),('871619978000',0,1,'$1*c68362e5b55ed2d64e7ac0ec491a19e0*0e1623768e60b706578fed151be615e6*8445b42b8b88ab969172e9077bebdf9e','',0,10725228,'2018-03-11 12:22:09'),('874595749992',500,1,'$1$76NguqE2$SSe.60QvJp0n.UyDavrHQ0','[Aads][Aads][Aads][Aads][Aads][Aads][Aads][Aads]',-1,10725228,'2018-03-11 12:22:09'),('876008856783',14000,1,'a28bc61d44bb815c','hash[a][a][a]',-1,87673812,'2018-03-11 12:22:09'),('876152301038',0,0,'c80197988199371e0c39a3e6f0976560','common_passwords.small.64',2741376,92436472,'2018-03-11 12:22:09'),('876508828418',10500,0,'$pdf$2*3*128*-1028*1*16*da42ee15d4b3e08fe5b9ecea0e02ad0f*32*c9b59d72c7c670c42eeb4fca1d2ca15000000000000000000000000000000000*32*c4ff3e868dc87604626c2b8c259297a14d58c6309c70b00afdfb1fbba10ee571','common_passwords_small.8',2871318,64027927,'2018-03-11 12:22:09'),('887835032810',10600,0,'$pdf$5*5*256*-1028*1*16*20583814402184226866485332754315*127*f95d927a94829db8e2fbfbc9726ebe0a391b22a084ccc2882eb107a74f78848120583814402184226866485332754315000000000000000000000000000000000000000000000000000000000000000000000000000000000000000000000000000','common_passwords_small.d',2871318,34871003,'2018-03-11 12:22:09'),('888470140544',0,0,'9ee161427b2ed372e6ce703bdcee5554','common_passwords.small.32',2741377,33449542,'2018-03-11 12:22:09'),('890704333547',9400,0,'$office$*2007*20*128*16*411a51284e0d0200b131a8949aaaa5cc*117d532441c63968bee7647d9b7df7d6*df1d601ccf905b375575108f42ef838fb88e1cde','common_passwords_small.8',2871318,64027927,'2018-03-11 12:22:09'),('891699879263',8300,0,'7b5n74kq8r441blc2c5qbbat19baj79r:.lvdsiqfj.net:33164473:1','common_passwords_small.8',2871318,64027927,'2018-03-11 12:22:09'),('902266414730',12500,0,'$RAR3$*0*45109af8ab5f297a*adbf6c5385d7a40373e8f77d7b89d317','common_passwords_small.8',2871318,64027927,'2018-03-11 12:22:09'),('902679379374',0,1,'5851add1587fc3c3092ebf071f078e38','[a][a][a][d][d][d][d][d][d][d]',175760000000,92436472,'2018-03-11 12:22:09'),('908727207780',0,1,'183f3364ed7564a9f5624da2421edeed','[a][a][a][d][d][d][d][d][d][d]',175760000000,92436472,'2018-03-11 12:22:09'),('910034482801',6700,0,'{ssha1}06$bJbkFGJAB30L2e23$dCESGOsP7jaIIAJ1QAcmaGeG.kr','common_passwords_small.8',2871318,36018410,'2018-03-11 12:22:09'),('912285547102',1700,0,'82a9dda829eb7f8ffe9fbe49e45d47d2dad9664fbb7adf72492e3c81ebd3e29134d9bc12212bf83c6840f10e8246b9db54a4859b7ccd0123d86e5872c1e5082f','common_passwords_small.8',2871318,36018410,'2018-03-11 12:22:09'),('915649493326',3800,0,'2e45c4b99396c6cb2db8bda0d3df669f:1234','common_passwords_small.8',2871318,36018410,'2018-03-11 12:22:09'),('915724450990',0,0,'e10adc3949ba59abbe56e057f20f883e','common_passwords.large.512',274137795,92436472,'2018-03-11 12:22:09'),('916260326866',9200,0,'$8$TnGX/fE4KGHOVU$pEhnEvxrvaynpi8j4f.EMHr6M.FzU8xnZnBr/tJdFWk','common_passwords_small.8',2871318,64027927,'2018-03-11 12:22:09'),('923790904183',0,1,'c643c444f2001ccffd148c446b768d5b','[d][d][d][d][d][d][d][d][d][d][d][d][d][d]',100000000000000,33449542,'2018-03-11 12:22:09'),('924819063172',12800,0,'v1;PPH1_MD4,84840328224366186645,100,005a491d8bf3715085d69f934eef7fb19a15ffc233b5382d9827910bc32f3506','common_passwords_small.8',0,64027927,'2018-03-11 12:22:09'),('925377072938',6100,0,'7ca8eaaaa15eaa4c038b4c47b9313e92da827c06940e69947f85bc0fbef3eb8fd254da220ad9e208b6b28f6bb9be31dd760f1fdb26112d83f87d96b416a4d258','common_passwords_small.8',2871318,36018410,'2018-03-11 12:22:09'),('926141478737',14000,1,'45284D561CCBEE8C:69F5032C71948042','[Aasd][Aasd][Aasd][Aasd][Aasd][Aasd][Aasd][Aasd]',6634204312890625,87673812,'2018-03-11 12:22:09'),('928969298973',0,1,'2a8480a2839f2acf1f958699ba013f63','[d][d][d][d][d][d][d][d][d][d][d][d][d][d]',99999999999999,33449542,'2018-03-11 12:22:09'),('931332484383',9400,1,'$office$*2007*20*128*16*411a51284e0d0200b131a8949aaaa5cc*117d532441c63968bee7647d9b7df7d6*df1d601ccf905b375575108f42ef838fb88e1cde','[d][d][d][d][d]',100000,51036570,'2018-03-11 12:22:09'),('933478899509',0,1,'a88289c4722e56742613fb4e150083a2','[d][d][d][d][d][d][d][d][d][d]',10000000000,92436472,'2018-03-11 12:22:09'),('935822910691',1760,0,'7cce966f5503e292a51381f238d071971ad5442488f340f98e379b3aeae2f33778e3e732fcc2f7bdc04f3d460eebf6f8cb77da32df25500c09160dd3bf7d2a6b:1234','common_passwords_small.8',2871318,36018410,'2018-03-11 12:22:09'),('936130466866',0,1,'a0d66933d430a90bc4ff027be587755d','[d][d][d][d][d][d][d][d][d][d][d][d][d]',0,87673812,'2018-03-11 12:22:09'),('936378920754',9400,0,'$office$*2007*20*128*16*b0d999e2cf011554386a6546a290ae23*e6982a38c79ea992a46d328b3c50eb5b*c3ea6767f22208673beec20d5144924b7f8795d8','common_passwords_large.d',-1,39707693,'2018-03-11 12:22:09'),('939185002224',11200,0,'$mysqlna$1c24ab8d0ee94d70ab1f2e814d8f0948a14d10b9*437e93572f18ae44d9e779160c2505271f85821d','common_passwords_small.8',2871318,64027927,'2018-03-11 12:22:09'),('939280376117',10600,1,'$pdf$5*5*256*-1028*1*16*20583814402184226866485332754315*127*f95d927a94829db8e2fbfbc9726ebe0a391b22a084ccc2882eb107a74f78848120583814402184226866485332754315000000000000000000000000000000000000000000000000000000000000000000000000000000000000000000000000000','[aAds][aAds][aAds][Ads][Ads]',4081962375,51036570,'2018-03-11 12:22:09'),('943748693712',500,0,'$1$YM8sm$SDN6L.qv0ZczOALtLMJIr0','common_passwords_large.d',287131782,87673812,'2018-03-11 12:22:09'),('944986420234',500,0,'$1$76NguqE2$SSe.60QvJp0n.UyDavrHQ0','common_passwords_large.d',287131782,10725228,'2018-03-11 12:22:09'),('946223540799',15500,0,'$jksprivk$*5A3AA3C3B7DD7571727E1725FB09953EF3BEDBD9*0867403720562514024857047678064085141322*81*C3*50DDD9F532430367905C9DE31FB1*test','common_passwords_small.8',2871318,64027927,'2018-03-11 12:22:09'),('957555657330',6400,0,'{ssha256}06$aJckFGJAB30LTe10$ohUsB7LBPlgclE3hJg9x042DLJvQyxVCX.nZZLEz.g2','common_passwords_small.8',2871318,36018410,'2018-03-11 12:22:09'),('958025733221',6800,0,'a2d1f7b7a1862d0d4a52644e72d59df5:500:lp@trash-mail.com','common_passwords_small.8',2871318,36018410,'2018-03-11 12:22:09'),('959375891453',7200,0,'grub.pbkdf2.sha512.10000.7d391ef48645f626b427b1fae06a7219b5b54f4f02b2621f86b5e36e83ae492bd1db60871e45bc07925cecb46ff8ba3db31c723c0c6acbd4f06f60c5b246ecbf.26d59c52b50df90d043f070bd9cbcd92a74424da42b3666fdeb08f1a54b8f1d2f4f56cf436f9382419c26798dc2c209a860039','common_passwords_small.8',2871318,64027927,'2018-03-11 12:22:09'),('959390861592',0,1,'a88289c4722e56742613fb4e150083a2','[d][d][d][d][d][d][d][d][d][d]',10000000000,92436472,'2018-03-11 12:22:09'),('962066615182',14000,1,'a28bc61d44bb815c:1172075784504605','hash[a][a][a]1',17576,87673812,'2018-03-11 12:22:09'),('962423496870',100,1,'BD0888B5C8172BBE418736B952D5D50D277CE7AA','[d][d][d][d][d][d][d][d][d][d]',10000000000,92436472,'2018-03-11 12:22:09'),('968257258668',0,1,'c5c52a80fe3c0d0ab34306764cb20a21','[d][d][d][d][d][d][d][d][d][d][d][d]',1000000000000,92436472,'2018-03-11 12:22:09'),('979435825555',13000,1,'$rar5$16$df082136ce9da0acc330fb0e82af7a1b$15$e6ca646aa69b513c4a07621fb1d88ee2$8$1753ce235aa50c47','7[d][d][d][d][d]',100000,11111111,'2018-03-11 12:22:09'),('980769667261',11600,1,'$7z$0$19$0$$8$9267d12075d568320000000000000000$939613359$176$162$b76c07c8406d51b19ddb72e15a13fb8e99e37e0969b63285ad60eea2ce24cb1016087fe3b5e2a4733d81650e3f0cfbbfeae16b2f45abf5e621dc74c2b7138154013a1db2d7339962837a3b8c6ce147fceca847c46c5df206c27fa342a7c4a16','[d][d][d][d][d][d]',1000000,92436472,'2018-03-11 12:22:09'),('983366995575',1500,0,'48c/R8JAv757A','common_passwords_small.8',2871318,36018410,'2018-03-11 12:22:09'),('985350887564',0,1,'a76fbd9b5cf32ef4c07b46df038d85e8','[d][d][d][d][d][d][d][d][d][d][d][d][d]',10000000000000,33449542,'2018-03-11 12:22:09'),('989745515572',12000,0,'sha1:1000:MzU4NTA4MzIzNzA1MDQ=:19ofiY+ahBXhvkDsp0j2ww==','common_passwords_small.8',0,64027927,'2018-03-11 12:22:09'),('994311678397',0,0,'8743b52063cd84097a65d1633f5c74f5','common_passwords_small.8',2871318,36018410,'2018-03-11 12:22:09');
/*!40000 ALTER TABLE `task` ENABLE KEYS */;
UNLOCK TABLES;

--
-- Table structure for table `task_detail`
--

DROP TABLE IF EXISTS `task_detail`;
/*!40101 SET @saved_cs_client     = @@character_set_client */;
/*!40101 SET character_set_client = utf8 */;
CREATE TABLE `task_detail` (
  `task_id` varchar(12) NOT NULL,
  `cname` varchar(32) DEFAULT NULL,
  `assign_time` datetime DEFAULT CURRENT_TIMESTAMP ON UPDATE CURRENT_TIMESTAMP,
  `nodes_to_use` int(11) DEFAULT '0',
  PRIMARY KEY (`task_id`),
  CONSTRAINT `task_detail_ibfk_1` FOREIGN KEY (`task_id`) REFERENCES `task` (`task_id`) ON DELETE CASCADE ON UPDATE CASCADE
) ENGINE=InnoDB DEFAULT CHARSET=utf8;
/*!40101 SET character_set_client = @saved_cs_client */;

--
-- Dumping data for table `task_detail`
--

LOCK TABLES `task_detail` WRITE;
/*!40000 ALTER TABLE `task_detail` DISABLE KEYS */;
INSERT INTO `task_detail` VALUES ('000589164707','c84647173','2017-10-21 19:32:41',0),('008405932300','c84647173','2017-11-17 12:26:24',0),('012695071062','c84647173','2017-10-21 18:57:59',0),('018562994443','c84647173','2017-10-21 19:09:03',0),('021162413256','c84647173','2017-10-21 20:54:46',0),('023210309960','c84647173','2017-10-21 19:17:52',0),('023714818916','c80535475','2017-10-19 17:50:31',0),('024395026057','c84647173','2017-10-21 20:32:28',0),('025830929387','c84647173','2017-10-21 18:09:31',0),('025872866128','c81428499','2017-12-08 22:12:28',0),('027100500678','c84647173','2017-10-18 16:15:18',0),('034587310866','c84647173','2017-10-21 18:02:07',0),('038106429325','c84647173','2017-10-21 19:00:48',0),('038158242127','c80535475','2017-12-04 16:10:40',0),('039293821289','c81428499','2017-12-10 02:05:32',0),('040726778079','c84647173','2017-10-21 18:00:59',0),('041376318798','c84647173','2017-10-21 18:23:19',0),('049878996443','c84647173','2017-10-21 20:05:53',0),('053787514590','c84647173','2017-09-26 20:29:18',0),('054874481947','c84647173','2017-10-21 19:57:54',0),('055569525212','c84647173','2017-10-21 19:36:00',0),('058336910116','c84647173','2017-10-20 18:26:25',0),('058888043717','c84647173','2017-10-20 21:31:30',0),('063486414159','c80535475','2017-10-14 19:19:03',0),('066141033974',NULL,NULL,NULL),('076002337705','c84647173','2017-10-08 22:43:51',0),('080067679314','c84647173','2017-10-21 20:34:38',0),('080487147006','c84647173','2017-10-21 20:28:46',0),('083875387640','c84647173','2017-10-21 18:45:38',0),('089415058581','c84647173','2017-10-14 16:12:33',0),('091715557513','c84647173','2017-10-21 18:57:40',0),('091811166504','c80535475','2017-10-14 23:22:47',0),('094063393069','c84647173','2017-10-21 18:10:44',0),('095799244842','c84647173','2017-10-21 17:52:53',0),('095858576720','c84647173','2017-10-21 19:39:32',0),('097847159604','c84647173','2017-10-21 18:52:54',0),('100715181246','c84647173','2017-10-21 18:22:21',0),('104890689987','c84647173','2017-10-09 03:26:51',0),('111446440050','c84647173','2017-10-21 19:09:22',0),('121343403143','c84647173','2017-10-21 18:57:51',0),('122785584316','c80535475','2017-10-15 16:51:06',0),('125827176574','c84647173','2017-10-21 19:46:53',0),('127495377717','c84647173','2017-10-21 19:23:31',0),('131934272729','c84647173','2017-10-16 00:11:56',0),('132275401792','c84647173','2017-10-15 17:32:29',0),('135534981216','c84647173','2017-10-21 19:35:48',0),('138601855703','c84647173','2017-10-21 18:35:09',0),('142362749636','c84647173','2017-10-18 18:58:14',0),('149082575703','c84647173','2017-10-15 23:38:22',0),('149649449748','c84647173','2017-10-14 22:40:13',0),('151446746127','c84647173','2017-10-14 16:53:20',0),('152044078997','c80535475','2017-10-15 23:05:34',0),('156659135740','c84647173','2017-10-14 19:19:12',0),('157026474212','c84647173','2017-10-16 00:44:48',0),('170017807414','c84647173','2017-10-06 16:15:02',0),('170754047722','c84647173','2017-10-21 19:36:42',0),('174450456103','c84647173','2017-09-24 10:23:23',0),('174692401663','c84647173','2017-10-21 18:31:39',0),('181555565169','c80535475','2017-10-18 16:36:43',0),('187752772234','c84647173','2017-10-21 18:04:15',0),('194745189286','c80535475','2017-12-04 16:11:31',0),('194978855210','c84647173','2017-10-05 17:04:29',0),('196321452262','c84647173','2017-10-21 19:44:20',0),('199048058361','c84647173','2017-10-21 18:29:43',0),('201613341080','c84647173','2017-11-17 12:40:53',0),('202561944344','c84647173','2017-10-18 13:45:39',0),('208576981230','c84647173','2017-10-21 20:11:56',0),('211253742052',NULL,NULL,0),('211995488252','c84647173','2017-10-20 16:38:37',0),('213236534343',NULL,'2018-06-03 00:17:38',NULL),('213669942722','c84647173','2017-10-21 20:20:41',0),('215456075126','c84647173','2017-10-21 18:26:12',0),('218300825076','c84647173','2017-10-21 20:39:30',0),('218725570524','c84647173','2017-10-21 19:47:19',0),('220500239516','c84647173','2017-10-18 14:56:59',0),('221431207250','c84647173','2017-10-21 20:52:41',0),('222131824441','c84647173','2017-10-13 00:25:50',0),('226191655761','c84647173','2017-10-15 17:45:49',0),('226960566482','c80535475','2017-10-18 13:55:32',0),('228632032697','c84647173','2017-10-21 17:51:55',0),('231307840089','c84647173','2017-10-21 20:13:51',0),('232080292721','c84647173','2017-10-21 18:17:57',0),('237694479472','c80535475','2017-12-04 16:13:08',0),('244113089224','c84647173','2017-10-21 17:44:14',0),('245900183225','c84647173','2017-10-21 19:39:47',0),('248626379575','c84647173','2017-10-21 19:57:30',0),('249154578104','c84647173','2017-10-21 20:13:59',0),('249669446207','c84647173','2017-12-02 21:50:39',0),('250974072124','c84647173','2017-10-21 19:57:39',0),('252962687461','c84647173','2017-10-18 13:56:07',0),('258554426728','c84647173','2017-10-21 19:03:24',0),('263220115626','c84647173','2017-09-26 20:24:00',0),('269505062222','c84647173','2017-10-21 18:48:35',0),('272482760616','c84647173','2017-10-21 20:28:19',0),('277254846791','c84647173','2017-10-21 19:49:50',0),('278923406285','c80535475','2017-10-14 19:23:18',0),('284553986240','c84647173','2017-10-21 17:31:30',0),('286320332440','c84647173','2017-11-17 12:34:29',0),('292473100156','c80535475','2017-10-08 23:14:53',0),('293980345985','c84647173','2017-10-21 19:32:56',0),('296439600637','c84647173','2017-10-21 18:19:01',0),('297412170031','c84647173','2017-10-05 22:22:01',0),('297426515621',NULL,NULL,NULL),('302299268699','c84647173','2017-10-21 17:33:08',0),('305068045949','c84647173','2017-10-21 20:02:35',0),('305661055965','c84647173','2017-10-21 20:27:55',0),('306729477471','c81428499','2018-03-06 08:17:42',3),('310158316791','c80535475','2018-01-18 15:02:18',0),('310969705589','c81428499','2017-12-10 02:00:37',0),('320725531405','c84647173','2017-10-14 22:25:53',0),('321586232631','c80535475','2017-10-14 18:55:54',0),('325035729827','c84647173','2017-10-21 19:44:30',0),('335321485221','c84647173','2017-10-21 20:05:33',0),('338028542061','c80535475','2017-10-15 15:59:49',0),('345930569003','c84647173','2017-10-21 18:29:34',0),('346634431583','c84647173','2017-10-16 09:46:39',0),('348343162551','c84647173','2017-10-21 20:25:16',0),('356033094504','c84647173','2017-10-21 20:32:17',0),('357461685873','c84647173','2017-10-21 19:25:54',0),('365907707914','c84647173','2017-10-21 20:58:06',0),('368638412907','c84647173','2017-10-21 18:31:46',0),('376242079293','c84647173','2017-10-12 23:39:13',0),('377841908860','c80535475','2017-10-13 20:29:20',0),('379193767261','c84647173','2017-10-21 20:34:18',0),('381319630000','c84647173','2017-10-21 20:28:08',0),('382718964567','c80535475','2017-10-12 19:36:37',0),('385043609951','c84647173','2017-10-21 18:54:09',0),('385099267911','c84647173','2017-10-21 19:32:26',0),('392162811747','c84647173','2017-10-21 19:09:13',0),('396302253602','c84647173','2017-10-14 23:53:57',0),('396937023144','c84647173','2017-10-21 21:03:07',0),('398948466600','c84647173','2017-10-21 21:03:00',0),('402092928699','c80535475','2017-10-19 22:33:13',0),('402564503280','c84647173','2017-10-20 16:40:01',0),('407078062791','c84647173','2017-10-21 20:13:43',0),('408647659807','c84647173','2017-10-21 20:20:51',0),('411296417414','c84647173','2017-10-21 20:08:49',0),('415013561179','c84647173','2017-10-05 16:29:32',0),('416117075009','c80535475','2017-10-20 17:07:18',0),('418725216748','c84647173','2017-10-16 09:49:34',0),('419601576328','c84647173','2017-10-21 20:02:53',0),('422796057266','c81428499','2018-03-06 08:07:28',3),('423058430059','c84647173','2017-10-15 23:13:18',0),('424086138138','c80535475','2017-11-17 12:37:10',0),('429256603649','c84647173','2017-10-14 19:27:53',0),('429378473949','c84647173','2017-10-14 22:33:41',0),('434411318214','c84647173','2017-10-21 17:50:22',0),('438385458868','c84647173','2017-10-21 20:20:22',0),('442555164656','c84647173','2017-10-21 20:05:24',0),('445993182359','c84647173','2017-10-21 19:40:06',0),('447347585814','c84647173','2017-10-21 20:56:20',0),('449178662059','c84647173','2017-10-21 19:23:41',0),('452294782972','c84647173','2017-10-21 20:01:51',0),('457499391380','c84647173','2017-10-05 12:00:46',0),('461897971373','c84647173','2017-10-21 19:18:04',0),('463099684344','c81428499','2017-12-10 02:08:50',0),('463804346610','c84647173','2017-10-21 18:07:38',0),('465352513649','c81428499','2018-03-06 08:21:42',3),('474964215469','c84647173','2017-10-21 19:20:27',0),('475444598411','c81428499','2017-12-08 20:31:53',0),('481986751133','c84647173','2017-10-21 20:24:33',0),('487975260055','c84647173','2017-10-21 17:51:12',0),('501632150109','c84647173','2017-10-21 18:45:30',0),('505247298706','c84647173','2017-10-21 20:20:30',0),('506375733185','c84647173','2018-01-30 16:10:09',0),('511422786696','c84647173','2017-10-21 20:59:20',0),('519228354698','c84647173','2017-10-21 20:24:44',0),('520059362298','c84647173','2017-10-21 19:15:49',0),('521372440475','c81428499','2017-12-10 01:38:34',0),('521481412934','c80535475','2017-11-17 12:21:23',0),('524757242054','c84647173','2017-10-21 18:53:37',0),('527695401271','c84647173','2017-10-14 22:48:16',0),('531500718480','c84647173','2017-10-21 20:18:23',0),('535427643824','c80535475','2017-10-08 22:40:48',0),('539415658445','c84647173','2017-10-21 20:02:08',0),('540920177405','c84647173','2017-10-21 18:16:06',0),('544978869323','c84647173','2017-10-15 16:50:40',0),('547072623102',NULL,NULL,0),('550177244908','c84647173','2017-10-21 20:05:44',0),('553964363641','c84647173','2017-10-15 17:36:34',0),('554585232342','c84647173','2017-10-21 18:13:40',0),('556568208681','c84647173','2017-10-15 22:34:52',0),('557794929479','c84647173','2017-10-21 18:19:14',0),('559696895187','c84647173','2017-10-21 20:02:18',0),('562661988745','c80535475','2017-10-18 13:51:09',0),('563429869605','c84647173','2017-10-16 10:16:29',0),('565388367387','c80535475','2017-10-13 00:37:48',0),('568776080766','c84647173','2017-10-21 18:35:01',0),('569552355766','c84647173','2017-10-21 19:53:01',0),('570017680340','c84647173','2017-10-25 17:39:51',0),('577989856979','c84647173','2017-10-21 18:42:18',0),('578612649312','c84647173','2017-10-21 18:41:57',0),('580580206526','c84647173','2017-10-21 19:20:34',0),('580962188369','c84647173','2017-10-21 20:25:04',0),('590556531090','c80535475','2017-10-05 21:42:10',0),('595070286422','c81428499','2017-12-10 02:14:26',0),('602868588623','c84647173','2017-10-18 16:35:41',0),('603659121910','c80535475','2017-09-24 09:20:04',0),('605811313482','c84647173','2017-10-21 17:53:58',0),('606909376965','c84647173','2017-10-25 17:38:11',0),('608971561442','c84647173','2017-10-21 18:58:10',0),('611359333121','c84647173','2017-10-21 17:41:46',0),('615957351634','c84647173','2017-10-21 20:34:27',0),('616893468945','c84647173','2017-10-16 00:49:29',0),('619939632329','c80535475','2017-09-26 20:39:17',0),('622334586197','c84647173','2017-12-04 16:10:48',0),('626838339665','c84647173','2017-10-05 11:13:12',0),('630725096926','c84647173','2017-10-21 17:34:41',0),('631335290464','c84647173','2017-10-20 18:16:03',0),('633369374647','c84647173','2017-10-21 20:37:04',0),('634618269060','c84647173','2017-10-21 18:06:41',0),('639065098485','c84647173','2017-10-21 20:25:25',0),('641104661120','c84647173','2017-10-21 20:20:14',0),('647890096646','c84647173','2017-10-05 11:02:53',0),('648487321512','c84647173','2017-10-15 23:06:16',0),('652922712670','c84647173','2017-10-15 23:36:15',0),('659726999383','c84647173','2017-10-18 16:40:19',0),('660834423288','c84647173','2017-10-15 17:26:35',0),('662374755701','c80535475','2017-10-05 19:57:07',0),('664246188895','c84647173','2017-10-21 20:14:11',0),('664814704974','c84647173','2017-10-24 14:15:21',0),('669695885170','c84647173','2017-10-21 19:44:44',0),('669851074343','c81428499','2017-12-08 22:55:55',0),('674043865032','c84647173','2017-10-21 17:48:46',0),('675441590463','c84647173','2017-10-05 11:27:26',0),('677560656945','c84647173','2017-10-21 19:47:03',0),('683057208415','c84647173','2017-10-21 18:31:33',0),('683680478299','c84647173','2017-10-21 19:52:14',0),('691759117262','c84647173','2017-10-21 17:47:40',0),('693169296919','c84647173','2017-10-15 15:10:39',0),('696052794474','c84647173','2017-12-04 16:11:38',0),('698680025270','c81428499','2017-12-10 02:18:53',0),('713112782426',NULL,NULL,0),('727176359720','c84647173','2017-10-14 19:23:27',0),('728400578363','c84647173','2017-10-21 19:17:44',0),('737978185321','c84647173','2017-10-21 21:02:54',0),('749249143571','c84647173','2017-10-21 18:05:32',0),('749289034257','c84647173','2017-10-21 08:52:24',0),('760208229356','c84647173','2017-10-21 19:57:47',0),('761815995913','c80535475','2017-10-13 00:39:01',0),('763851779399','c84647173','2017-10-21 17:30:47',0),('772179532327','c84647173','2017-10-21 20:08:41',0),('775336567567','c84647173','2017-12-04 16:12:26',0),('776427126023','c84647173','2017-10-21 20:39:59',0),('777055580601','c84647173','2017-10-21 20:28:37',0),('780586732511','c84647173','2017-10-21 18:38:32',0),('781651551802','c84647173','2017-10-21 20:08:34',0),('786531474590','c84647173','2017-10-21 19:48:12',0),('787123712091','c84647173','2017-10-21 18:17:23',0),('797645154065','c84647173','2017-10-21 20:11:38',0),('800043835746','c84647173','2017-10-21 18:53:12',0),('802343290438','c80535475','2017-10-15 22:34:32',0),('813881915965','c84647173','2017-10-21 20:32:40',0),('818447490755','c84647173','2017-10-21 18:52:40',0),('822011653522','c80535475','2017-10-13 00:14:14',0),('829898086077','c84647173','2017-11-20 10:51:43',0),('830264927362','c84647173','2017-10-21 19:47:11',0),('831475263729','c84647173','2017-10-21 20:08:18',0),('831676367604','c84647173','2017-10-08 20:28:04',0),('832896352107','c80535475','2017-10-13 20:04:46',0),('835473597210','c84647173','2017-10-21 18:26:05',0),('840532743820','c84647173','2017-10-18 16:34:39',0),('841604914252','c84647173','2017-10-21 18:48:20',0),('841670925781','c84647173','2017-10-21 17:40:58',0),('846576969156','c80535475','2017-09-24 09:14:36',0),('847334589001','c84647173','2017-10-21 19:03:03',0),('848642523522','c84647173','2017-10-21 19:52:54',0),('848708144396','c84647173','2017-10-21 01:22:54',0),('849870731232','c84647173','2017-10-05 11:32:08',0),('851598336953','c84647173','2017-10-18 16:09:17',0),('858783748219','c84647173','2017-10-21 20:08:28',0),('859753799562','c84647173','2017-10-21 18:38:41',0),('861901619334','c84647173','2017-10-21 18:21:06',0),('869890886729','c80535475','2017-12-04 16:12:18',0),('871619978000','c84647173','2017-10-13 00:38:24',0),('874595749992',NULL,NULL,0),('876008856783','c84647173','2018-01-30 16:12:36',0),('876152301038','c84647173','2017-10-16 00:25:28',0),('876508828418','c84647173','2017-10-21 19:58:01',0),('887835032810','c80535475','2017-10-24 14:12:44',0),('888470140544','c84647173','2017-10-15 18:17:31',0),('890704333547','c84647173','2017-10-21 20:14:05',0),('891699879263','c84647173','2017-10-21 20:20:59',0),('902266414730','c84647173','2017-10-21 19:24:35',0),('902679379374','c80535475','2017-10-18 16:53:28',0),('908727207780','c80535475','2017-10-18 16:50:55',0),('910034482801','c84647173','2017-10-21 20:39:42',0),('912285547102','c84647173','2017-10-21 19:03:13',0),('915649493326','c84647173','2017-10-21 19:40:18',0),('915724450990','c84647173','2017-10-15 17:48:58',0),('916260326866','c84647173','2017-10-21 20:18:14',0),('923790904183','c84647173','2017-10-18 13:51:19',0),('924819063172','c84647173','2017-10-21 19:23:22',0),('925377072938','c84647173','2017-10-21 20:36:41',0),('926141478737','c81428499','2018-03-06 07:44:55',3),('928969298973','c80535475','2017-10-14 19:27:44',0),('931332484383','c81428499','2017-12-08 22:43:24',0),('933478899509','c84647173','2017-10-14 18:56:01',0),('935822910691','c84647173','2017-10-21 19:15:59',0),('936130466866','c80535475','2017-10-18 13:45:32',0),('936378920754','c80535475','2017-11-17 12:41:24',0),('939185002224','c84647173','2017-10-21 19:52:47',0),('939280376117','c81428499','2017-12-08 23:16:26',0),('943748693712','c84647173','2017-12-05 16:38:28',0),('944986420234','c81428499','2018-03-06 08:21:14',3),('946223540799','c84647173','2017-10-21 17:45:24',0),('957555657330','c84647173','2017-10-21 20:37:15',0),('958025733221','c84647173','2017-10-21 20:39:50',0),('959375891453','c84647173','2017-10-21 20:28:28',0),('959390861592','c84647173','2017-10-20 16:47:31',0),('962066615182','c81428499','2018-03-06 08:14:52',3),('962423496870','c84647173','2017-10-16 09:28:04',0),('968257258668','c80535475','2017-10-18 16:09:11',0),('979435825555','c84647173','2017-09-24 09:12:14',0),('980769667261','c84647173','2017-10-16 10:11:25',0),('983366995575','c84647173','2017-10-21 19:00:24',0),('985350887564','c84647173','2017-10-15 23:47:16',0),('989745515572','c84647173','2017-10-21 20:51:08',0),('994311678397','c84647173','2017-10-21 17:28:31',0);
/*!40000 ALTER TABLE `task_detail` ENABLE KEYS */;
UNLOCK TABLES;

--
-- Table structure for table `task_status`
--

DROP TABLE IF EXISTS `task_status`;
/*!40101 SET @saved_cs_client     = @@character_set_client */;
/*!40101 SET character_set_client = utf8 */;
CREATE TABLE `task_status` (
  `task_id` varchar(12) NOT NULL,
  `status` tinyint(4) DEFAULT NULL,
  `speed` bigint(20) DEFAULT '0',
  `num_proc_hash` bigint(20) DEFAULT NULL,
  `result` varchar(256) DEFAULT NULL,
  `reason` varchar(256) DEFAULT NULL,
  `start_time` datetime DEFAULT NULL,
  `finish_time` datetime DEFAULT NULL,
  `last_srv_update` datetime DEFAULT CURRENT_TIMESTAMP ON UPDATE CURRENT_TIMESTAMP,
  PRIMARY KEY (`task_id`),
  CONSTRAINT `task_status_ibfk_1` FOREIGN KEY (`task_id`) REFERENCES `task` (`task_id`) ON DELETE CASCADE ON UPDATE CASCADE
) ENGINE=InnoDB DEFAULT CHARSET=utf8;
/*!40101 SET character_set_client = @saved_cs_client */;

--
-- Dumping data for table `task_status`
--

LOCK TABLES `task_status` WRITE;
/*!40000 ALTER TABLE `task_status` DISABLE KEYS */;
INSERT INTO `task_status` VALUES ('000589164707',4,0,2871318,'hashcat',NULL,'2017-10-21 19:40:00','2017-10-21 19:41:11','2018-03-05 17:12:00'),('008405932300',5,0,9622234,'null',NULL,'2017-11-17 12:32:44','2017-11-17 12:33:22','2018-03-05 17:12:00'),('012695071062',4,0,717830,'1234:hashcat',NULL,'2017-10-21 19:05:01','2017-10-21 19:05:28','2018-03-05 17:12:01'),('018562994443',4,0,717830,'2613516180127:hashcat',NULL,'2017-10-21 19:15:54','2017-10-21 19:16:20','2018-03-05 17:12:00'),('021162413256',4,0,717830,'null',NULL,'2017-10-21 21:01:43','2017-10-21 21:02:06','2018-03-05 17:12:00'),('023210309960',4,0,2871318,'hashcat',NULL,'2017-10-21 19:25:26','2017-10-21 19:25:52','2018-03-05 17:12:00'),('023714818916',5,0,0,'null',NULL,'2017-10-19 17:50:43','2017-10-19 17:50:53','2018-03-05 17:12:01'),('024395026057',4,0,1076745,':kNS:338d08f8e26de93300000000000000000000000000000000:9526fb8c23a90751cdd619b6cea564742e1e4bf33006ba41:cb8086049ec4736c:hashcat',NULL,'2017-10-21 20:39:47','2017-10-21 20:40:15','2018-03-05 17:11:59'),('025830929387',4,0,717830,'null',NULL,'2017-10-21 18:16:28','2017-10-21 18:16:55','2018-03-05 17:12:00'),('025872866128',5,0,11881376,'null',NULL,'2017-12-08 22:21:26','2017-12-08 22:24:01','2018-03-05 17:12:01'),('027100500678',5,0,0,'null',NULL,'2017-10-18 16:22:07','2017-10-18 16:22:17','2018-03-05 17:12:01'),('034587310866',5,0,0,'null',NULL,'2017-10-21 18:09:06','2017-10-21 18:09:36','2018-03-05 17:12:00'),('038106429325',4,0,2871318,'hashcat',NULL,'2017-10-21 19:07:52','2017-10-21 19:08:23','2018-03-05 17:12:01'),('038158242127',5,0,0,'Invalid task, reason: Dict common_passwords_large.32 not exist',NULL,'2017-12-04 16:00:22','2017-12-04 16:00:22','2018-03-05 17:12:00'),('039293821289',5,0,100000,'null',NULL,'2017-12-10 02:03:18','2017-12-10 02:06:02','2018-03-05 17:12:01'),('040726778079',4,0,1076745,'1234:hashcat',NULL,'2017-10-21 18:07:55','2017-10-21 18:08:21','2018-03-05 17:12:00'),('041376318798',4,0,717830,'1234:hashcat',NULL,'2017-10-21 18:30:11','2017-10-21 18:30:38','2018-03-05 17:12:00'),('049878996443',4,0,717830,'hashcat',NULL,'2017-10-21 20:12:49','2017-10-21 20:13:14','2018-03-05 17:12:00'),('053787514590',4,0,731161600,'hashcat',NULL,'1970-01-18 18:27:09','1970-01-18 18:27:09','2018-03-05 17:12:00'),('054874481947',4,0,717830,'hashcat',NULL,'2017-10-21 20:05:07','2017-10-21 20:05:33','2018-03-05 17:12:00'),('055569525212',4,0,2871318,'1000:MTg1MzA=:Lz84VOcrXd699Edsj34PP98+f4f3S0rTZ4kHAIHoAjs=:hashcat',NULL,'2017-10-21 19:43:11','2017-10-21 19:43:34','2018-03-05 17:12:00'),('058336910116',5,0,287131783,'null',NULL,'2017-10-20 18:33:25','2017-10-20 18:43:03','2018-03-05 17:12:00'),('058888043717',5,0,287131783,'null',NULL,'2017-10-20 21:38:24','2017-10-20 21:48:02','2018-03-05 17:12:01'),('063486414159',4,0,1146880000,'9876543212',NULL,'2017-10-14 19:19:50','2017-10-14 19:19:55','2018-03-05 17:12:00'),('066141033974',0,0,NULL,NULL,NULL,'2017-10-08 23:12:56',NULL,'2018-03-11 11:32:19'),('076002337705',4,0,500000,'123456',NULL,'1970-01-18 18:44:34','1970-01-18 18:44:34','2018-03-05 17:12:00'),('080067679314',4,0,717830,'hashcat',NULL,'2017-10-21 20:41:48','2017-10-21 20:42:13','2018-03-05 17:12:00'),('080487147006',4,0,358915,'hashcat',NULL,'2017-10-21 20:36:26','2017-10-21 20:36:52','2018-03-05 17:12:01'),('083875387640',4,0,2871318,'hashcat',NULL,'2017-10-21 18:53:08','2017-10-21 18:53:44','2018-03-05 17:12:00'),('089415058581',5,0,100000000000,'null',NULL,'2017-10-14 16:19:29','2017-10-14 16:19:59','2018-03-05 17:12:00'),('091715557513',4,0,717830,'890128:hashcat',NULL,'2017-10-21 19:04:31','2017-10-21 19:04:57','2018-03-05 17:12:01'),('091811166504',4,0,100000,'123456',NULL,'2017-10-14 23:23:55','2017-10-14 23:31:12','2018-03-05 17:12:00'),('094063393069',4,0,717830,'1234:hashcat',NULL,'2017-10-21 18:17:38','2017-10-21 18:18:04','2018-03-05 17:12:00'),('095799244842',5,0,2871318,'null',NULL,'2017-10-21 17:59:43','2017-10-21 18:00:13','2018-03-05 17:12:00'),('095858576720',5,0,2871318,'null',NULL,'2017-10-21 19:46:22','2017-10-21 19:46:52','2018-03-05 17:12:01'),('097847159604',4,0,717830,'hashcat',NULL,'2017-10-21 19:00:09','2017-10-21 19:00:35','2018-03-05 17:11:59'),('100715181246',4,0,358915,'1234:hashcat',NULL,'2017-10-21 18:29:11','2017-10-21 18:29:38','2018-03-05 17:12:00'),('104890689987',4,0,7340032,'dKLKkbv8',NULL,'2017-10-09 03:33:37','2017-10-09 03:59:15','2018-03-05 17:11:59'),('111446440050',4,0,358915,'1237015423:hashcat',NULL,'2017-10-21 19:16:24','2017-10-21 19:16:53','2018-03-05 17:12:00'),('121343403143',4,0,717830,'12345678:hashcat',NULL,'2017-10-21 19:05:41','2017-10-21 19:06:07','2018-03-05 17:12:00'),('122785584316',5,0,0,'null',NULL,'2017-10-15 17:14:01','2017-10-15 17:14:11','2018-03-05 17:11:59'),('125827176574',4,0,1076745,'hashcat',NULL,'2017-10-21 19:53:44','2017-10-21 19:54:12','2018-03-05 17:12:00'),('127495377717',4,0,1435660,'hashcat',NULL,'2017-10-21 19:30:48','2017-10-21 19:31:14','2018-03-05 17:12:00'),('131934272729',5,0,0,'null',NULL,'2017-10-16 00:18:48','2017-10-16 00:28:41','2018-03-05 17:12:00'),('132275401792',5,0,100911833,'null',NULL,'2017-10-15 17:39:18','2017-10-15 17:39:48','2018-03-05 17:12:00'),('135534981216',5,0,0,'null',NULL,'2017-10-21 19:42:41','2017-10-21 19:43:11','2018-03-05 17:12:01'),('138601855703',4,0,2871318,'hashcat',NULL,'2017-10-21 18:42:45','2017-10-21 18:43:22','2018-03-05 17:12:00'),('142362749636',4,0,617692906127360,'abcdef1234567',NULL,'2017-10-18 19:05:11','2017-10-18 23:55:32','2018-03-05 17:12:00'),('149082575703',4,0,4941335,'123###',NULL,'2017-10-15 23:45:17','2017-10-15 23:54:59','2018-03-05 17:12:00'),('149649449748',5,0,0,'null',NULL,'2017-10-14 22:47:11','2017-10-14 22:47:21','2018-03-05 17:12:01'),('151446746127',4,0,7500000000,'1234567895',NULL,'2017-10-14 17:00:10','2017-10-14 17:00:30','2018-03-05 17:12:01'),('152044078997',4,0,88195072000,'19876546731',NULL,'2017-10-15 23:05:44','2017-10-15 23:06:10','2018-03-05 17:12:01'),('156659135740',4,0,9375000000,'1234576538',NULL,'2017-10-14 19:27:39','2017-10-14 19:27:58','2018-03-05 17:12:00'),('157026474212',4,0,1281323,'CALISKAN',NULL,'2017-10-16 00:51:37','2017-10-16 00:52:00','2018-03-05 17:12:00'),('170017807414',4,0,500000,'123456',NULL,'1970-01-18 18:41:18','1970-01-18 18:41:18','2018-03-05 17:12:00'),('170754047722',5,0,2871318,'null',NULL,'2017-10-21 19:43:41','2017-10-21 19:44:11','2018-03-05 17:12:00'),('174450456103',4,0,1252627,'136606',NULL,'1970-01-18 18:23:40',NULL,'2018-03-05 17:12:00'),('174692401663',4,0,2871318,'hashcat',NULL,'2017-10-21 18:38:54','2017-10-21 18:39:17','2018-03-05 17:12:00'),('181555565169',4,0,116981760,'abcd123456',NULL,'2017-10-18 16:36:59','2017-10-18 16:38:02','2018-03-05 17:12:00'),('187752772234',4,0,358915,'87740665218240877702:hashcat',NULL,'2017-10-21 18:11:06','2017-10-21 18:11:33','2018-03-05 17:12:00'),('194745189286',5,0,0,'Invalid task, reason: Dict America_large.32 not exist',NULL,'2017-12-04 16:01:14','2017-12-04 16:01:14','2018-03-05 17:12:00'),('194978855210',4,0,87008739328000,'38736578216473',NULL,'1970-01-18 18:39:54','1970-01-18 18:39:55','2018-03-05 17:12:01'),('196321452262',4,0,1076745,'1234:hashcat',NULL,'2017-10-21 19:51:13','2017-10-21 19:51:39','2018-03-05 17:12:00'),('199048058361',4,0,2871318,'hashcat',NULL,'2017-10-21 18:37:03','2017-10-21 18:37:25','2018-03-05 17:12:00'),('201613341080',5,0,28713179,'null',NULL,'2017-11-17 12:47:08','2017-11-17 12:48:14','2018-03-05 17:12:01'),('202561944344',4,0,17594056704000,'32647587462546',NULL,'2017-10-18 13:52:38','2017-10-18 14:02:32','2018-03-05 17:12:01'),('208576981230',4,0,717830,'hashcat',NULL,'2017-10-21 20:19:11','2017-10-21 20:19:35','2018-03-05 17:12:00'),('211253742052',0,0,-1,NULL,NULL,NULL,NULL,'2018-03-05 17:07:09'),('211995488252',5,0,0,'null',NULL,'2017-10-20 16:45:36','2017-10-20 16:46:06','2018-03-05 17:12:01'),('213236534343',0,NULL,NULL,NULL,NULL,NULL,NULL,'2018-06-03 00:17:38'),('213669942722',4,0,1076745,'hashcat',NULL,'2017-10-21 20:27:44','2017-10-21 20:28:07','2018-03-05 17:12:01'),('215456075126',4,0,1076745,'hashcat',NULL,'2017-10-21 18:33:32','2017-10-21 18:33:58','2018-03-05 17:12:00'),('218300825076',4,0,2871318,'hashcat',NULL,'2017-10-21 20:46:19','2017-10-21 20:46:44','2018-03-05 17:12:00'),('218725570524',4,0,717830,'hashcat',NULL,'2017-10-21 19:54:24','2017-10-21 19:54:52','2018-03-05 17:12:00'),('220500239516',5,0,0,'null',NULL,'2017-10-18 15:03:57','2017-10-18 15:04:07','2018-03-05 17:12:00'),('221431207250',5,0,0,'null',NULL,'2017-10-21 20:59:33','2017-10-21 21:00:03','2018-03-05 17:12:00'),('222131824441',5,0,0,'Invalid Task',NULL,'2017-10-13 00:34:44','2017-10-13 00:34:44','2018-03-05 17:12:00'),('226191655761',4,0,418437,'wartarka',NULL,'2017-10-15 17:52:42','2017-10-15 17:53:05','2018-03-05 17:11:59'),('226960566482',4,0,874954752000,'647587462546',NULL,'2017-10-18 13:55:50','2017-10-18 14:09:01','2018-03-05 17:12:00'),('228632032697',4,0,1076745,'0608516311148050266404072407085605002866301131581532805665756363:hashcat',NULL,'2017-10-21 17:58:53','2017-10-21 17:59:22','2018-03-05 17:12:00'),('231307840089',4,0,2871318,'hashcat',NULL,'2017-10-21 20:21:02','2017-10-21 20:22:43','2018-03-05 17:12:00'),('232080292721',4,0,1076745,'null',NULL,'2017-10-21 18:24:50','2017-10-21 18:25:16','2018-03-05 17:12:00'),('237694479472',0,0,29016064,'null',NULL,'2017-10-19 18:02:47','2017-10-21 22:09:01','2018-03-05 17:12:00'),('244113089224',4,0,717830,'13288442151473:hashcat',NULL,'2017-10-21 17:51:11','2017-10-21 17:51:36','2018-03-05 17:11:59'),('245900183225',4,0,28672,'hashcat',NULL,'2017-10-21 19:46:52','2017-10-21 19:47:35','2018-03-05 17:12:00'),('248626379575',4,0,2871318,'1000:MTc3MTA0MTQwMjQxNzY=:PYjCU215Mi57AYPKva9j7mvF4Rc5bCnt:hashcat',NULL,'2017-10-21 20:04:27','2017-10-21 20:04:54','2018-03-05 17:11:59'),('249154578104',4,0,2871318,'hashcat',NULL,'2017-10-21 20:22:22','2017-10-21 20:22:51','2018-03-05 17:12:00'),('249669446207',4,0,500000,'123456',NULL,'2017-12-02 21:59:39','2017-12-02 22:00:01','2018-03-05 17:12:00'),('250974072124',4,0,717830,'hashcat',NULL,'2017-10-21 20:05:37','2017-10-21 20:06:06','2018-03-05 17:12:00'),('252962687461',4,0,17594056704000,'45647587462546',NULL,'2017-10-18 14:03:01','2017-10-18 14:12:55','2018-03-05 17:12:00'),('258554426728',4,0,717830,'6352283260:hashcat',NULL,'2017-10-21 19:10:32','2017-10-21 19:11:01','2018-03-05 17:12:00'),('263220115626',4,0,701915136,'hashcat',NULL,'1970-01-18 18:27:09','1970-01-18 18:27:09','2018-03-05 17:12:00'),('269505062222',4,0,358915,'hashcat',NULL,'2017-10-21 18:55:38','2017-10-21 18:56:03','2018-03-05 17:11:59'),('272482760616',4,0,1076745,'472bdabe2d5d4bffd6add7b3ba79a291d104a9ef:hashcat',NULL,'2017-10-21 20:35:16','2017-10-21 20:35:42','2018-03-05 17:12:00'),('277254846791',4,0,358915,'hashcat',NULL,'2017-10-21 19:56:45','2017-10-21 19:58:15','2018-03-05 17:12:00'),('278923406285',4,0,4587520000,'167897653456',NULL,'2017-10-14 19:24:15','2017-10-14 19:28:17','2018-03-05 17:12:00'),('284553986240',5,0,0,'null',NULL,'2017-10-21 17:38:27','2017-10-21 17:38:37','2018-03-05 17:12:00'),('286320332440',5,0,14433352,'null',NULL,'2017-11-17 12:40:47','2017-11-17 12:41:33','2018-03-05 17:12:00'),('292473100156',4,0,870082848,'hashcat',NULL,'2017-10-08 23:15:08','2017-10-08 23:15:11','2018-03-05 17:12:00'),('293980345985',4,0,2871318,'1000:ODQyMDEwNjQyODY=:MKaHNWXUsuJB3IEwBHbm3w==:hashcat',NULL,'2017-10-21 19:41:00','2017-10-21 19:41:29','2018-03-05 17:12:00'),('296439600637',4,0,358915,'5363620024:hashcat',NULL,'2017-10-21 18:25:50','2017-10-21 18:26:16','2018-03-05 17:12:00'),('297412170031',4,0,701915136,'hashcat',NULL,'1970-01-18 18:40:13','1970-01-18 18:40:13','2018-03-05 17:12:00'),('297426515621',0,0,NULL,NULL,NULL,'2017-10-09 01:00:57',NULL,'2018-03-11 11:12:10'),('302299268699',4,0,36960078,'4225637426:hashcat',NULL,'2017-10-21 17:39:58','2017-10-21 17:40:24','2018-03-05 17:12:01'),('305068045949',4,0,358915,'hashcat',NULL,'2017-10-21 20:10:29','2017-10-21 20:10:54','2018-03-05 17:12:00'),('305661055965',4,0,1076745,'hashcat',NULL,'2017-10-21 20:34:46','2017-10-21 20:35:09','2018-03-05 17:12:00'),('306729477471',1,1,0,'null',NULL,'2018-02-01 11:23:26','2018-02-01 11:23:44','2018-03-06 22:17:41'),('310158316791',0,0,-1,NULL,NULL,NULL,NULL,'2018-03-05 17:07:09'),('310969705589',5,0,100000,'null',NULL,'2017-12-10 01:58:24','2017-12-10 02:01:11','2018-03-05 17:12:01'),('320725531405',5,0,0,'null',NULL,'2017-10-14 22:33:28','2017-10-14 22:33:38','2018-03-05 17:12:00'),('321586232631',4,0,8515754400,'1234576538',NULL,'2017-10-14 19:05:25','2017-10-14 19:05:30','2018-03-05 17:11:59'),('325035729827',5,0,2871318,'null',NULL,'2017-10-21 19:51:53','2017-10-21 19:52:23','2018-03-05 17:12:00'),('335321485221',4,0,717830,'01020304050607080910111213141516:01:hashcat',NULL,'2017-10-21 20:13:19','2017-10-21 20:13:45','2018-03-05 17:12:01'),('338028542061',4,0,750025,'123456',NULL,'2017-10-15 15:59:58','2020-12-16 01:46:09','2018-03-05 17:12:01'),('345930569003',4,0,2871318,'hashcat',NULL,'2017-10-21 18:36:33','2017-10-21 18:36:55','2018-03-05 17:12:00'),('346634431583',4,0,108265472000,'12345678901234',NULL,'2017-10-16 09:53:37','2017-10-16 09:53:57','2018-03-05 17:12:00'),('348343162551',4,0,358915,'hashcat',NULL,'2017-10-21 20:33:15','2017-10-21 20:33:42','2018-03-05 17:12:00'),('356033094504',4,0,1076745,'hashcat',NULL,'2017-10-21 20:39:17','2017-10-21 20:39:42','2018-03-05 17:12:00'),('357461685873',4,0,2871318,'hashcat',NULL,'2017-10-21 19:33:39','2017-10-21 19:34:02','2018-03-05 17:12:01'),('365907707914',4,0,717830,'null',NULL,'2017-10-21 21:05:04','2017-10-21 21:05:29','2018-03-05 17:12:00'),('368638412907',4,0,717830,'hashcat',NULL,'2017-10-21 18:39:24','2017-10-21 18:39:50','2018-03-05 17:12:00'),('376242079293',5,0,0,'null',NULL,'2017-10-12 23:46:05','2017-10-12 23:46:15','2018-03-05 17:12:00'),('377841908860',5,0,76324864,'null',NULL,'2017-10-13 20:29:36','2017-10-13 22:04:55','2018-03-05 17:12:00'),('379193767261',4,0,717830,'hashcat',NULL,'2017-10-21 20:41:08','2017-10-21 20:41:34','2018-03-05 17:12:00'),('381319630000',4,0,2871318,'hashcat',NULL,'2017-10-21 20:35:46','2017-10-21 20:36:18','2018-03-05 17:12:00'),('382718964567',5,0,100911833,'null',NULL,'2017-10-12 19:36:49','2017-10-12 19:37:09','2018-03-05 17:12:00'),('385043609951',4,0,717830,'560407001617:hashcat',NULL,'2017-10-21 19:01:20','2017-10-21 19:01:46','2018-03-05 17:12:01'),('385099267911',4,0,2871318,'hashcat',NULL,'2017-10-21 19:39:20','2017-10-21 19:39:51','2018-03-05 17:12:00'),('392162811747',4,0,358915,'341351589:hashcat',NULL,'2017-10-21 19:17:04','2017-10-21 19:17:33','2018-03-05 17:12:00'),('396302253602',4,0,8125000000,'1234567878',NULL,'2017-10-15 00:00:51','2017-10-15 00:01:11','2018-03-05 17:12:00'),('396937023144',5,0,2871318,'null',NULL,'2017-10-21 21:10:15','2017-10-21 21:10:46','2018-03-05 17:12:00'),('398948466600',5,0,0,'null',NULL,'2017-10-21 21:10:46','2017-10-21 21:11:16','2018-03-05 17:12:00'),('402092928699',5,0,98560205,'null',NULL,'2017-10-19 22:33:29','2017-10-19 22:50:45','2018-03-05 17:12:00'),('402564503280',5,0,0,'null',NULL,'2017-10-20 16:46:56','2017-10-20 16:47:26','2018-03-05 17:12:00'),('407078062791',4,0,358915,'hashcat',NULL,'2017-10-21 20:20:32','2017-10-21 20:20:56','2018-03-05 17:12:00'),('408647659807',4,0,717830,'6755045315424852185115352765375338838643:hashcat',NULL,'2017-10-21 20:28:14','2017-10-21 20:28:41','2018-03-05 17:12:00'),('411296417414',4,0,2871318,'hashcat',NULL,'2017-10-21 20:15:40','2017-10-21 20:16:14','2018-03-05 17:12:01'),('415013561179',4,0,87008739328000,'98736578216473',NULL,'1970-01-18 18:39:52','1970-01-18 18:39:53','2018-03-05 17:12:00'),('416117075009',5,0,287131783,'null',NULL,'2017-10-20 17:07:28','2017-10-20 18:05:13','2018-03-05 17:12:00'),('418725216748',4,0,110100480000,'92345678901234',NULL,'2017-10-16 09:56:28','2017-10-16 09:56:48','2018-03-05 17:12:00'),('419601576328',4,0,358915,'511358214352751667201107073531735211566650747315:hashcat',NULL,'2017-10-21 20:10:59','2017-10-21 20:11:26','2018-03-05 17:12:00'),('422796057266',1,1,6634204312890625,'null',NULL,'2018-02-01 12:01:27','2018-02-01 21:09:13','2018-03-06 21:47:34'),('423058430059',4,0,18350080000,'12345678923456',NULL,'2017-10-15 23:20:11','2017-10-15 23:20:30','2018-03-05 17:12:00'),('424086138138',0,0,-1,NULL,NULL,NULL,NULL,'2018-03-05 17:07:09'),('429256603649',4,0,82019352576000,'12345678945673',NULL,'2017-10-14 19:34:41','2017-10-14 19:44:35','2018-03-05 17:12:00'),('429378473949',5,0,0,'null',NULL,'2017-10-14 22:41:20','2017-10-14 22:41:30','2018-03-05 17:12:00'),('434411318214',4,0,2871318,'hashcat',NULL,'2017-10-21 17:57:12','2017-10-21 17:57:41','2018-03-05 17:12:00'),('438385458868',4,0,1435660,'hashcat',NULL,'2017-10-21 20:28:44','2017-10-21 20:29:12','2018-03-05 17:12:00'),('442555164656',4,0,1076745,'hashcat',NULL,'2017-10-21 20:12:19','2017-10-21 20:12:45','2018-03-05 17:12:00'),('445993182359',4,0,717830,'1234:hashcat',NULL,'2017-10-21 19:47:42','2017-10-21 19:48:08','2018-03-05 17:12:00'),('447347585814',5,0,0,'null',NULL,'2017-10-21 21:03:14','2017-10-21 21:03:44','2018-03-05 17:12:00'),('449178662059',4,0,717830,'5136256866783777334574783782810410706883233321141647265340462733:hashcat',NULL,'2017-10-21 19:31:18','2017-10-21 19:31:45','2018-03-05 17:12:00'),('452294782972',4,0,358915,'1234:hashcat',NULL,'2017-10-21 20:08:48','2017-10-21 20:09:14','2018-03-05 17:12:00'),('457499391380',4,0,1550581760000,'12341234890g',NULL,'1970-01-18 18:39:36','1970-01-18 18:39:36','2018-03-05 17:12:00'),('461897971373',4,0,717830,'hashcat',NULL,'2017-10-21 19:25:57','2017-10-21 19:26:21','2018-03-05 17:12:00'),('463099684344',5,0,59158875,'null',NULL,'2017-12-10 02:06:40','2017-12-10 02:09:27','2018-03-05 17:12:00'),('463804346610',4,0,1076745,'472433673:hashcat',NULL,'2017-10-21 18:14:37','2017-10-21 18:15:03','2018-03-05 17:12:00'),('465352513649',1,1,-1,NULL,NULL,NULL,NULL,'2018-03-06 22:21:41'),('474964215469',4,0,717830,'36:hashcat',NULL,'2017-10-21 19:27:17','2017-10-21 19:27:41','2018-03-05 17:12:01'),('475444598411',4,0,833600,'123456',NULL,'2017-12-08 20:39:38','2017-12-08 20:42:15','2018-03-05 17:12:00'),('481986751133',4,0,358915,'hashcat',NULL,'2017-10-21 20:31:25','2017-10-21 20:31:49','2018-03-05 17:12:00'),('487975260055',4,0,2871318,'hashcat',NULL,'2017-10-21 17:58:03','2017-10-21 17:58:28','2018-03-05 17:12:00'),('501632150109',4,0,717830,'hashcat',NULL,'2017-10-21 18:52:27','2017-10-21 18:52:56','2018-03-05 17:12:01'),('505247298706',4,0,2153490,'hashcat',NULL,'2017-10-21 20:29:14','2017-10-21 20:29:40','2018-03-05 17:12:00'),('506375733185',0,0,-1,NULL,NULL,NULL,NULL,'2018-03-05 17:07:09'),('511422786696',5,0,2871318,'null',NULL,'2017-10-21 21:06:14','2017-10-21 21:06:45','2018-03-05 17:12:00'),('519228354698',4,0,358915,'hashcat',NULL,'2017-10-21 20:31:55','2017-10-21 20:32:31','2018-03-05 17:12:00'),('520059362298',4,0,717830,'1234:hashcat',NULL,'2017-10-21 19:22:46','2017-10-21 19:23:15','2018-03-05 17:12:00'),('521372440475',5,0,1000000,'null',NULL,'2017-12-10 01:36:24','2017-12-10 01:42:42','2018-03-05 17:12:00'),('521481412934',0,0,-1,NULL,NULL,NULL,NULL,'2018-03-05 17:07:09'),('524757242054',4,0,358915,'53743528:hashcat',NULL,'2017-10-21 19:00:40','2017-10-21 19:01:06','2018-03-05 17:12:00'),('527695401271',4,0,185664,'123456',NULL,'2017-10-14 22:55:03','2017-10-14 22:56:31','2018-03-05 17:12:01'),('531500718480',4,0,2871318,'hashcat',NULL,'2017-10-21 20:25:53','2017-10-21 20:26:19','2018-03-05 17:12:00'),('535427643824',4,0,652561728,'hashcat',NULL,'1970-01-18 18:44:33','1970-01-18 18:44:33','2018-03-05 17:12:00'),('539415658445',4,0,717830,'hashcat',NULL,'2017-10-21 20:09:28','2017-10-21 20:09:53','2018-03-05 17:12:00'),('540920177405',5,0,0,'null',NULL,'2017-10-21 18:22:59','2017-10-21 18:23:29','2018-03-05 17:12:00'),('544978869323',5,0,2741377,'null',NULL,'2017-10-15 17:20:03','2017-10-15 17:20:33','2018-03-05 17:12:00'),('547072623102',0,0,-1,NULL,NULL,NULL,NULL,'2018-03-05 17:07:09'),('550177244908',4,0,717830,'488387841:hashcat',NULL,'2017-10-21 20:13:50','2017-10-21 20:14:16','2018-03-05 17:12:00'),('553964363641',4,0,8125000000,'1234567878',NULL,'2017-10-15 17:43:29','2017-10-15 17:43:49','2018-03-05 17:12:01'),('554585232342',4,0,358915,'hashcat',NULL,'2017-10-21 18:20:39','2017-10-21 18:21:01','2018-03-05 17:12:01'),('556568208681',4,0,9380560896000,'1896573865716',NULL,'2017-10-15 22:41:45','2017-10-15 22:51:59','2018-03-05 17:12:00'),('557794929479',4,0,717830,'631225:hashcat',NULL,'2017-10-21 18:26:20','2017-10-21 18:26:45','2018-03-05 17:12:00'),('559696895187',4,0,358915,'hashcat',NULL,'2017-10-21 20:09:58','2017-10-21 20:10:24','2018-03-05 17:12:00'),('562661988745',5,0,0,'null',NULL,'2017-10-18 13:51:25','2017-10-18 13:51:35','2018-03-05 17:12:00'),('563429869605',4,0,1000000,'1234567',NULL,'2017-10-16 10:23:25','2017-10-16 10:26:22','2018-03-05 17:12:00'),('565388367387',5,0,0,'Invalid Task',NULL,'2017-10-13 00:37:57','2017-10-13 00:37:57','2018-03-05 17:12:00'),('568776080766',4,0,2871318,'hashcat',NULL,'2017-10-21 18:41:55','2017-10-21 18:42:36','2018-03-05 17:12:00'),('569552355766',4,0,1076745,'M2uZ122bSHJ4Mi54tXGY0lqcv1r28mUluSkyw37ou5oia4i239ujqw0l:hashcat',NULL,'2017-10-21 20:00:46','2017-10-21 20:01:11','2018-03-05 17:12:01'),('570017680340',5,0,13167329,'null',NULL,'2017-10-25 17:46:49','2017-10-25 17:51:55','2018-03-05 17:12:00'),('577989856979',4,0,2871318,'hashcat',NULL,'2017-10-21 18:49:27','2017-10-21 18:49:52','2018-03-05 17:12:00'),('578612649312',4,0,717830,'hashcat',NULL,'2017-10-21 18:48:56','2017-10-21 18:49:21','2018-03-05 17:12:00'),('580580206526',4,0,717830,'hashcat',NULL,'2017-10-21 19:27:47','2017-10-21 19:28:12','2018-03-05 17:12:00'),('580962188369',4,0,2871318,'hashcat',NULL,'2017-10-21 20:32:35','2017-10-21 20:33:07','2018-03-05 17:12:00'),('590556531090',4,0,266305536000,'123456897625',NULL,'1970-01-18 18:40:10','1970-01-18 18:40:11','2018-03-05 17:12:00'),('595070286422',5,0,100000,'null',NULL,'2017-12-10 02:12:14','2017-12-10 02:15:12','2018-03-05 17:12:00'),('602868588623',4,0,233046016000,'123456abcde',NULL,'2017-10-18 16:42:32','2017-10-18 16:42:53','2018-03-05 17:12:00'),('603659121910',4,0,818900992,'hashcat',NULL,'1970-01-18 18:23:36',NULL,'2018-03-05 17:12:00'),('605811313482',4,0,315392,'hashcat',NULL,'2017-10-21 18:00:53','2017-10-21 18:54:55','2018-03-05 17:12:00'),('606909376965',5,0,4389109,'null',NULL,'2017-10-25 17:45:09','2017-10-25 17:45:38','2018-03-05 17:12:00'),('608971561442',4,0,1076745,'1234:hashcat',NULL,'2017-10-21 19:06:11','2017-10-21 19:06:38','2018-03-05 17:12:00'),('611359333121',4,0,2871318,'hashcat',NULL,'2017-10-21 17:48:40','2017-10-21 17:51:36','2018-03-05 17:12:00'),('615957351634',4,0,2871318,'f6d45822728ddb2c:hashcat',NULL,'2017-10-21 20:42:18','2017-10-21 20:42:41','2018-03-05 17:12:01'),('616893468945',4,0,6949152,'hollie',NULL,'2017-10-16 00:56:18','2017-10-16 01:00:32','2018-03-05 17:12:00'),('619939632329',4,0,699173280,'hashcat',NULL,'1970-01-18 18:27:09','1970-01-18 18:27:09','2018-03-05 17:12:01'),('622334586197',5,0,0,'Invalid task, reason: Dict America_large.32 not exist',NULL,'2017-12-04 16:17:05','2017-12-04 16:17:05','2018-03-05 17:12:00'),('626838339665',4,0,92832000,'12345678',NULL,'1970-01-18 18:39:33','1970-01-18 18:39:33','2018-03-05 17:12:00'),('630725096926',4,0,51968,'hashcat',NULL,'2017-10-21 17:41:38','2017-10-21 17:46:48','2018-03-05 17:12:01'),('631335290464',5,0,98560205,'null',NULL,'2017-10-20 18:22:52','2017-10-20 18:26:53','2018-03-05 17:12:00'),('633369374647',4,0,2871318,'hashcat',NULL,'2017-10-21 20:44:08','2017-10-21 20:44:32','2018-03-05 17:12:00'),('634618269060',5,0,2871318,'null',NULL,'2017-10-21 18:13:37','2017-10-21 18:14:07','2018-03-05 17:12:00'),('639065098485',4,0,358915,'hashcat',NULL,'2017-10-21 20:33:45','2017-10-21 20:34:11','2018-03-05 17:12:01'),('641104661120',4,0,1793545,'1024:1:1:MDIwMzMwNTQwNDQyNQ==:5FW+zWivLxgCWj7qLiQbeC8zaNQ+qdO0NUinvqyFcfo=:hashcat',NULL,'2017-10-21 20:27:03','2017-10-21 20:27:33','2018-03-05 17:12:00'),('647890096646',4,0,789654528,'hashcat',NULL,'1970-01-18 18:39:32','1970-01-18 18:39:33','2018-03-05 17:12:00'),('648487321512',4,0,638582784000,'1987654673145',NULL,'2017-10-15 23:13:09','2017-10-15 23:13:32','2018-03-05 17:12:00'),('652922712670',4,0,5692194816000,'3986746573857',NULL,'2017-10-15 23:43:07','2017-10-15 23:44:24','2018-03-05 17:12:00'),('659726999383',4,0,798304023609344,'abcdefghijk',NULL,'2017-10-18 16:47:14','2017-10-18 22:32:09','2018-03-05 17:12:01'),('660834423288',5,0,0,'null',NULL,'2017-10-15 17:33:27','2017-10-15 17:38:18','2018-03-05 17:12:01'),('662374755701',4,0,114688,'dKLKkbv8',NULL,'1970-01-18 18:40:04','1970-01-18 18:42:46','2018-03-05 17:12:00'),('664246188895',4,0,2871318,'hashcat',NULL,'2017-10-21 20:23:02','2017-10-21 20:24:25','2018-03-05 17:12:00'),('664814704974',5,0,0,'Invalid task, reason: Dict common_passwords_small.8 not exist',NULL,'2017-10-24 14:22:11','2017-10-24 14:22:11','2018-03-05 17:12:00'),('669695885170',4,0,1076745,'1234:hashcat',NULL,'2017-10-21 19:52:24','2017-10-21 19:52:49','2018-03-05 17:12:01'),('669851074343',5,0,11881376,'null',NULL,'2017-12-08 23:02:50','2017-12-08 23:09:10','2018-03-05 17:12:00'),('674043865032',4,0,2871318,'hashcat',NULL,'2017-10-21 17:55:42','2017-10-21 17:56:52','2018-03-05 17:12:00'),('675441590463',4,0,5000000000,'9122387123',NULL,'1970-01-18 18:39:34','1970-01-18 18:39:34','2018-03-05 17:12:01'),('677560656945',4,0,1076745,'hashcat',NULL,'2017-10-21 19:54:54','2017-10-21 19:55:22','2018-03-05 17:12:00'),('683057208415',4,0,2871318,'hashcat',NULL,'2017-10-21 18:38:24','2017-10-21 18:38:47','2018-03-05 17:12:00'),('683680478299',4,0,2871318,'hashcat',NULL,'2017-10-21 19:59:05','2017-10-21 20:01:39','2018-03-05 17:12:00'),('691759117262',4,0,1435660,'hashcat',NULL,'2017-10-21 17:54:32','2017-10-21 17:54:57','2018-03-05 17:12:00'),('693169296919',4,0,128320,'123456',NULL,'2017-10-15 15:17:31','2017-10-15 15:17:53','2018-03-05 17:12:00'),('696052794474',5,0,0,'Invalid task, reason: Dict America_mid.32 not exist',NULL,'2017-12-04 16:17:56','2017-12-04 16:17:56','2018-03-05 17:12:00'),('698680025270',5,0,902500,'null',NULL,'2017-12-10 02:16:37','2017-12-10 02:19:24','2018-03-05 17:11:59'),('713112782426',0,0,-1,NULL,NULL,NULL,NULL,'2018-03-05 17:07:09'),('727176359720',4,0,267911168000,'167897653421',NULL,'2017-10-14 19:30:50','2017-10-14 19:31:11','2018-03-05 17:12:00'),('728400578363',4,0,2871318,'hashcat',NULL,'2017-10-21 19:24:36','2017-10-21 19:25:15','2018-03-05 17:12:00'),('737978185321',5,0,2871318,'null',NULL,'2017-10-21 21:09:45','2017-10-21 21:10:15','2018-03-05 17:12:00'),('749249143571',5,0,2871318,'null',NULL,'2017-10-21 18:12:26','2017-10-21 18:13:07','2018-03-05 17:12:00'),('749289034257',5,0,10228284,'null',NULL,'2017-10-21 08:59:22','2017-10-21 09:00:12','2018-03-05 17:12:00'),('760208229356',4,0,458752,'hashcat',NULL,'2017-10-21 20:06:17','2017-10-21 20:06:57','2018-03-05 17:12:00'),('761815995913',4,0,10061126,'takeeasy',NULL,'2017-10-13 00:39:19','2020-12-13 10:25:26','2018-03-05 17:12:00'),('763851779399',4,0,717830,'7050461:hashcat',NULL,'2017-10-21 17:37:37','2017-10-21 17:38:02','2018-03-05 17:12:01'),('772179532327',4,0,717830,'2:4:81533218127174468417660201434054:hashcat',NULL,'2017-10-21 20:16:20','2017-10-21 20:16:45','2018-03-05 17:12:00'),('775336567567',5,0,0,'Invalid task, reason: Dict America_small.smart.32 not exist',NULL,'2017-12-04 16:18:44','2017-12-04 16:18:44','2018-03-05 17:12:01'),('776427126023',4,0,717830,'hashcat',NULL,'2017-10-21 20:46:49','2017-10-21 20:47:33','2018-03-05 17:12:00'),('777055580601',4,0,2871318,'hashcat',NULL,'2017-10-21 20:36:56','2017-10-21 20:38:09','2018-03-05 17:12:00'),('780586732511',4,0,2871318,'hashcat',NULL,'2017-10-21 18:45:25','2017-10-21 18:46:00','2018-03-05 17:12:00'),('781651551802',4,0,358915,'hashcat',NULL,'2017-10-21 20:16:51','2017-10-21 20:17:16','2018-03-05 17:12:00'),('786531474590',5,0,0,'null',NULL,'2017-10-21 19:55:55','2017-10-21 19:56:05','2018-03-05 17:11:59'),('787123712091',4,0,1076745,'2014:hashcat',NULL,'2017-10-21 18:24:20','2017-10-21 18:24:45','2018-03-05 17:12:01'),('797645154065',4,0,358915,'hashcat',NULL,'2017-10-21 20:18:31','2017-10-21 20:18:56','2018-03-05 17:12:00'),('800043835746',4,0,717830,'hashcat',NULL,'2017-10-21 19:01:50','2017-10-21 19:02:15','2018-03-05 17:12:00'),('802343290438',5,0,0,'null',NULL,'2017-10-15 22:34:43','2017-10-15 22:34:53','2018-03-05 17:12:00'),('813881915965',4,0,717830,'null',NULL,'2017-10-21 20:40:17','2017-10-21 20:40:46','2018-03-05 17:12:01'),('818447490755',4,0,717830,'3060147285011:hashcat',NULL,'2017-10-21 18:59:39','2017-10-21 19:00:04','2018-03-05 17:12:00'),('822011653522',5,0,0,'Invalid Task',NULL,'2017-10-13 00:14:24','2017-10-13 00:14:24','2018-03-05 17:12:01'),('829898086077',5,0,32626442240,'null',NULL,'2017-11-20 10:58:01','2020-03-21 15:40:34','2018-03-05 17:12:00'),('830264927362',4,0,717830,'00000000:hashcat',NULL,'2017-10-21 19:55:24','2017-10-21 19:55:49','2018-03-05 17:12:00'),('831475263729',4,0,717830,'hashcat',NULL,'2017-10-21 20:15:10','2017-10-21 20:15:35','2018-03-05 17:12:00'),('831676367604',4,0,701915136,'hashcat',NULL,'1970-01-18 18:44:26','1970-01-18 18:44:26','2018-03-05 17:12:00'),('832896352107',5,0,0,'Invalid Task',NULL,'2017-10-13 20:04:55','2017-10-13 20:04:55','2018-03-05 17:12:00'),('835473597210',4,0,1076745,'hashcat',NULL,'2017-10-21 18:33:02','2017-10-21 18:33:27','2018-03-05 17:12:00'),('840532743820',4,0,1876581941248,'&1234567abc',NULL,'2017-10-18 16:41:32','2017-10-18 16:42:24','2018-03-05 17:12:00'),('841604914252',4,0,358915,'hashcat',NULL,'2017-10-21 18:55:08','2017-10-21 18:55:33','2018-03-05 17:12:00'),('841670925781',4,0,1435660,'144816:hashcat',NULL,'2017-10-21 17:47:50','2017-10-21 17:48:15','2018-03-05 17:12:00'),('846576969156',4,0,580000,'777777',NULL,'1970-01-18 18:23:35',NULL,'2018-03-05 17:12:00'),('847334589001',4,0,2871318,'hashcat',NULL,'2017-10-21 19:10:02','2017-10-21 19:10:26','2018-03-05 17:12:01'),('848642523522',4,0,358915,'hashcat',NULL,'2017-10-21 20:01:16','2017-10-21 20:01:41','2018-03-05 17:12:00'),('848708144396',5,0,623611345,'null',NULL,'2017-10-21 10:43:29','2017-10-21 11:03:41','2018-03-05 17:12:00'),('849870731232',4,0,58725761024000,'46981237812637',NULL,'1970-01-18 18:39:34','1970-01-18 18:39:35','2018-03-05 17:12:00'),('851598336953',4,0,17577541632000,'56647587462546',NULL,'2017-10-18 16:16:15','2017-10-18 16:26:10','2018-03-05 17:12:00'),('858783748219',4,0,2871318,'hashcat',NULL,'2017-10-21 20:17:21','2017-10-21 20:17:44','2018-03-05 17:12:00'),('859753799562',4,0,2871318,'hashcat',NULL,'2017-10-21 18:46:06','2017-10-21 18:46:51','2018-03-05 17:12:00'),('861901619334',4,0,358915,'8763434884872:hashcat',NULL,'2017-10-21 18:28:01','2017-10-21 18:28:26','2018-03-05 17:12:00'),('869890886729',5,0,0,'Invalid task, reason: Dict America_small.smart.32 not exist',NULL,'2017-12-04 16:02:02','2017-12-04 16:02:02','2018-03-05 17:12:00'),('871619978000',5,0,0,'Invalid Task',NULL,'2017-10-13 00:45:11','2017-10-13 00:45:11','2018-03-05 17:12:00'),('874595749992',0,0,-1,NULL,NULL,NULL,NULL,'2018-03-05 17:07:09'),('876008856783',0,0,-1,NULL,NULL,NULL,NULL,'2018-03-05 17:07:09'),('876152301038',5,0,1028016,'null',NULL,'2017-10-16 00:32:22','2017-10-16 00:35:12','2018-03-05 17:12:00'),('876508828418',4,0,2871318,'hashcat',NULL,'2017-10-21 20:07:08','2017-10-21 20:07:26','2018-03-05 17:12:00'),('887835032810',4,0,2871318,'hashcat',NULL,'2017-10-24 14:12:58','2017-10-24 14:14:25','2018-03-05 17:12:00'),('888470140544',4,0,2741377,'19921003hxg',NULL,'2017-10-15 18:24:21','2017-10-15 18:24:45','2018-03-05 17:12:00'),('890704333547',4,0,2871318,'hashcat',NULL,'2017-10-21 20:24:33','2017-10-21 20:25:04','2018-03-05 17:12:00'),('891699879263',4,0,358915,'.lvdsiqfj.net:33164473:1:hashcat',NULL,'2017-10-21 20:29:44','2017-10-21 20:30:10','2018-03-05 17:12:00'),('902266414730',4,0,229376,'hashcat',NULL,'2017-10-21 19:31:58','2017-10-21 19:33:32','2018-03-05 17:12:01'),('902679379374',4,0,50627870720,'zbc1234567',NULL,'2017-10-18 16:53:47','2017-10-18 16:56:53','2018-03-05 17:12:00'),('908727207780',4,0,50510888960,'abc1234567',NULL,'2017-10-18 16:51:14','2017-10-18 16:54:20','2018-03-05 17:12:00'),('910034482801',4,0,1794575,'hashcat',NULL,'2017-10-21 20:47:39','2017-10-21 20:48:03','2018-03-05 17:12:00'),('912285547102',4,0,358915,'hashcat',NULL,'2017-10-21 19:11:13','2017-10-21 19:11:40','2018-03-05 17:12:00'),('915649493326',4,0,358915,'1234:hashcat',NULL,'2017-10-21 19:48:12','2017-10-21 19:48:38','2018-03-05 17:12:00'),('915724450990',5,0,0,'null',NULL,'2017-10-15 17:55:53','2017-10-15 18:15:39','2018-03-05 17:12:00'),('916260326866',4,0,2871318,'hashcat',NULL,'2017-10-21 20:25:13','2017-10-21 20:25:46','2018-03-05 17:12:00'),('923790904183',4,0,17592221696000,'45647587462546',NULL,'2017-10-18 13:58:10','2017-10-18 14:08:04','2018-03-05 17:12:01'),('924819063172',5,0,0,'null',NULL,'2017-10-21 19:30:18','2017-10-21 19:30:48','2018-03-05 17:12:00'),('925377072938',4,0,717830,'hashcat',NULL,'2017-10-21 20:43:38','2017-10-21 20:44:04','2018-03-05 17:12:00'),('926141478737',1,1,6634204312890625,'null',NULL,'2018-02-02 12:44:06','2018-02-02 21:51:51','2018-03-06 21:44:55'),('928969298973',5,0,11169693696000,'null',NULL,'2017-10-14 22:33:20','2017-10-15 05:15:12','2018-03-05 17:12:00'),('931332484383',5,0,100000,'null',NULL,'2017-12-08 22:41:12','2017-12-08 22:43:58','2018-03-05 17:12:00'),('933478899509',4,0,6875000000,'1234567878',NULL,'2017-10-14 19:11:34','2017-10-14 19:11:54','2018-03-05 17:12:00'),('935822910691',4,0,717830,'1234:hashcat',NULL,'2017-10-21 19:23:26','2017-10-21 19:23:55','2018-03-05 17:12:01'),('936130466866',5,0,0,'null',NULL,'2017-10-18 13:45:49','2017-10-18 13:46:00','2018-03-05 17:12:00'),('936378920754',0,0,-1,NULL,NULL,NULL,NULL,'2018-03-05 17:07:09'),('939185002224',4,0,717830,'hashcat',NULL,'2017-10-21 20:01:56','2017-10-21 20:02:22','2018-03-05 17:12:00'),('939280376117',5,0,4081962375,'null',NULL,'2017-12-08 23:14:24','2017-12-08 23:17:05','2018-03-05 17:12:01'),('943748693712',5,0,287131782,'null',NULL,'2017-12-05 17:25:45','2017-12-05 17:26:18','2018-03-05 17:12:00'),('944986420234',1,1,287131782,'null',NULL,'2018-02-01 11:15:24','2018-02-01 11:15:57','2018-03-06 22:19:50'),('946223540799',4,0,717830,'hashcat',NULL,'2017-10-21 17:52:21','2017-10-21 17:52:46','2018-03-05 17:12:01'),('957555657330',4,0,2871318,'hashcat',NULL,'2017-10-21 20:44:39','2017-10-21 20:45:04','2018-03-05 17:12:00'),('958025733221',4,0,2871318,'hashcat',NULL,'2017-10-21 20:48:10','2017-10-21 20:48:35','2018-03-05 17:12:01'),('959375891453',4,0,2871318,'hashcat',NULL,'2017-10-21 20:37:57','2017-10-21 20:38:33','2018-03-05 17:12:00'),('959390861592',4,0,6250000000,'1234567878',NULL,'2017-10-20 16:54:28','2017-10-20 16:54:47','2018-03-05 17:12:00'),('962066615182',1,1,17576,'1172075784504605:hashbat1',NULL,'2018-02-01 11:32:19','2018-02-01 11:32:36','2018-03-06 22:09:40'),('962423496870',4,0,6500000000,'2345678901',NULL,'2017-10-16 09:35:03','2017-10-16 09:35:22','2018-03-05 17:12:00'),('968257258668',4,0,224673792000,'647587462555',NULL,'2017-10-18 16:09:29','2017-10-18 16:22:35','2018-03-05 17:12:00'),('979435825555',4,0,100000,'777777',NULL,'1970-01-18 18:23:35',NULL,'2018-03-05 17:12:01'),('980769667261',5,0,1000000,'null',NULL,'2017-10-16 10:18:14','2017-10-16 10:19:04','2018-03-05 17:12:00'),('983366995575',4,0,1076745,'hashcat',NULL,'2017-10-21 19:07:21','2017-10-21 19:07:43','2018-03-05 17:12:00'),('985350887564',4,0,7595098112000,'3786975647362',NULL,'2017-10-15 23:54:10','2017-10-15 23:55:27','2018-03-05 17:12:01'),('989745515572',5,0,0,'null',NULL,'2017-10-21 20:58:02','2017-10-21 20:58:32','2018-03-05 17:12:00'),('994311678397',4,0,717830,'hashcat',NULL,'2017-10-21 17:35:26','2017-10-21 17:35:49','2018-03-05 17:12:01');
/*!40000 ALTER TABLE `task_status` ENABLE KEYS */;
UNLOCK TABLES;

--
-- Table structure for table `user`
--

DROP TABLE IF EXISTS `user`;
/*!40101 SET @saved_cs_client     = @@character_set_client */;
/*!40101 SET character_set_client = utf8 */;
CREATE TABLE `user` (
  `name` char(8) NOT NULL,
  `password` char(128) DEFAULT NULL,
  `salt` char(16) DEFAULT NULL,
  `type` tinyint(4) DEFAULT NULL,
  `phy_loc` varchar(32) DEFAULT NULL,
  `description` varchar(128) DEFAULT NULL,
  PRIMARY KEY (`name`)
) ENGINE=InnoDB DEFAULT CHARSET=utf8;
/*!40101 SET character_set_client = @saved_cs_client */;

--
-- Dumping data for table `user`
--

LOCK TABLES `user` WRITE;
/*!40000 ALTER TABLE `user` DISABLE KEYS */;
INSERT INTO `user` VALUES ('04311224','ef9e9315079c14ffc579652a1d9f6ea25f633ed53d707629d73264ce3c2e56f0948d5ab0249371e4c42ffe6306be6080a2ce86bb82e8a100a77091c29faf20af','s-DOXXtAUiTnpdRF',0,'(121.56, 25.09)','台湾省国家安全厅'),('10000000','1fdf72fb7a5021f8329782f7a4ffcc2cf1357b9ee3ce5efbcdeb009b280c01299f2cd8b2b8808049c32a4054a2416a5c7c26fea5bf83741276d4632d3e6d89cb','1111111111111111',1,'','管理员'),('10725228','d2b11c80fdb2f4052c8ee20b5b2a13a207cb2235920f99e3d1128a9295360ee587123caa9286fb812d2d525de2865808cc3c2b14dc26ef366f271a360c75f48a','/^$LTD-HKwHy>?ST',0,'(117.00, 36.65)','山东省国家安全厅'),('11111111','59d27201e102402dc8ee895be139daea2ddcc066f099c95ad54e4d28a78f83e4d115080372263db8d3119a02a20112dd3935d1c698eaa5bf1f87b3a45d7adb2e','1111111111111111',0,'','管理员2'),('11697317','08596afc1c174e5a54e3603bb89a926e102c5dfb2bb0aa89a2c6c5335ebdc4dd2e7658b3c5ff884544ae842145dc823ed156a0990fc6fbc9b1a59bbf503eea42','7M>d7q*#/D!B7bB1',0,'(114.14, 22.39)','香港特别行政区'),('13881779','155a144fbc7c465258e666942218a902019c0c0dda55da8fc8373464146c636e6176566ebb9d29e8d4aac937dececd1239bee32b1fe81845ddd7af94ee35fb75','6evGpo$3CI%aml~h',0,'(108.31, 22.65)','广西壮族自治区国家安全厅'),('15395805','edb3ca1f61d5fb4c6262c8847f18b56abd35155fd2e55049314aa624ceb76463149e4a128015090d78f1787e47fa9a4d2cadb5c499caecf37c37a94a621831fb','c5ZKW`UEoO1euJ>q',0,'(102.70, 25.01)','云南省国家安全厅'),('17494877','4b0f69a05243452fbc090e6ce88077cf4b388b29f89fda78604acc6158c1cdea00e98ffe8ab336e87325497cee6959f28e4a684768d2cd8c0645f8ea6177d27b','T`B/&em9VML3Y6x`',0,'(116.40, 39.91)','北京市国家安全局'),('25066050','aa97f6e03427d87c7f9a3eaa59958e5da4829c2999dc08614bf8f43bcaa0ce04fff94e9a0add65c9bb504a4792f1f7500bade7240eeef78878b4e1668dec9bd1','FxJ*GNLK,wFsz,^s',0,'(110.33, 20.02)','海南省国家安全厅'),('26972035','2e68b74a306223c25ce91647a182197c55b2f329f91a7647885525b16d959d8a0973d852b97bcfcfd0faac0f5a1df5480446acc23e7db2bb6a5c59371a599b67','Z,m7^B0,9#buad4p',0,'(87.61, 43.81)','新疆维吾尔族自治区国家省安全厅'),('31674225','c312b0be23334e40e0269bfda6cee82568749228a6a5869e16554009c2cd592b6b3e2c622b65b4f7695ee0513499c72122d1d8cd269f5075e8dead4e748226e7','Amk#MboOuIM~4Va3',0,'(123.42, 41.83)','辽宁省国家安全厅'),('33449542','4867178d3128b817923f7ce0e38cda4201444d97dc0ac86f574348e4f8920e1d3577961f8a20b5953daf5bd271df620ff9a3299efb8e3f80fee821e10d661b87','@mlR!,V^Y1pY`Xbt',0,'(120.17, 30.27)',''),('34871003','9f3992b73ab91b58a1ae14ce756aa23518e34060d377b191004f3126a1164b6fa69447af5068761bc6698c14f15e0f0d9c4782f5b7a29e554f62e9f74ba9cb18','KLNxM^*SVgP@dYd`',0,'(114.49, 38.07)','河北省国家安全厅'),('36018410','87db4016bafc6ef3caf4f99921c5f07bd08e5e6c893c6e4f22462b65c01482d148a5c86f06477de28ec483230586616fc3b8e105ccde7d4708efc1849c97cec4','LG6n/il!PIaowij$',0,'(106.27, 38.48)','宁夏回族自治区国家省安全厅'),('38524198','31235ed92e256250c55331439127933cab66c2f1360bee330adbbabbddbaf0da79fb34811f81e7f230c0dcb560a88d3b3f4e272f865023d5d43e5a64f34e51ba','k4!haeaqOQj4HyOA',0,'(119.31, 26.08)','福建省国家安全厅'),('39484740','ce9104c69861de2131863490dbdded350014b84be5bbd92328291ef42533046a029ee18bc3096f7a1ee46efbb370e35d0d023f53b55f4c5460ca5e60ff9c46b9','6`5Ef6qkHaXc1UZf',0,'(118.06, 24.46)','厦门'),('39707693','259194a58cd3b832e72ac57737ff0297e8fa28318b3ea9b5b92b6b1159ba759f66ffed7603a7c356be3f981740a8e93d6d62711fc34b4410cbd073808f931cf8','ZqDnPX#kLFX17saJ',0,'(113.01, 28.21)','湖南省国家安全厅'),('40020340','54d3437695ebae88a66c66ea7dc3c6f1dcf93855710e13d87b16d09ece039890548b19d3c647de1e7f519a08675a232d72e45e47291c0a86014879727b660578','xste6FARgw,AfxH`',0,'','湖南省国家安全厅测试账号3'),('45938851','7508eeeccdda421d441978f1e87ad55f3ef76620a2dff2bf575c14a94eed38570e7d6e5eecbe178dad773487c255e675c13568a9a3ddd29ff724233b09fca08a','!yg0m?1o@m0-2oG4',0,'(113.66, 34.78)','河南省国家安全厅'),('51036570','e3bff6663026f77eddfa7741604e43e4416de84077741830a62747b823a91346c11739cb98fdcf8d99176c24e368151590db9e9ccd76e88b991c4751df38d136','EAktkrGG*tT5KYxb',0,'(121.47, 31.24)','上海市国家安全局'),('52392048','2fda2de8d584c96558e2d4f8ddb74a9466d29687ef3f5ea0854615a5e1864393f61d8bc30294b05eae845eecc0db16b31a42ddbba966bf19f58b48a123d87983','lDFoxcrqaWRLIPzU',0,'(120.17, 30.27)','浙江省国家安全厅'),('53269037','fd9f83bbdd18013f356769c819af312a8f67cfb716284599a44460286b7db8844fb5fde7b297f0a4d42ebd414e12b8fc1b00d5d99276f5365bc55c557bfef37d','S5@J64gp0~-mbM5m',0,'(106.76, 26.54)','贵州省国家安全厅'),('58974111','9e013f7de1b4e17fc5d5c7af1e532acec8d3e0f013c8ea119add1db7bbb9234ae89d0b1df54040f877f4db1c2999948144a069c8726b254be67272b151bc0226','aJoZx^&wZBIOICg7',0,'(111.81, 40.87)','内蒙古自治区国家安全厅'),('59810965','5ed1cc8d70a5e8b6c33139771ffc0c143f584865359c61fd711f1d2726dd989b4ffd72a8cce42e44dd986d9a7ad6d1bc090c7573c9b12a853e95336e45d8e82c','fEUGN#4X17FU/pmC',0,'(114.38, 30.56)','湖北省国家安全厅'),('60997392','e0724f1bb14f5b862fe2070cb87500f577fafafc46c8e00b78349d9ba206ecaff01602594a71a42afac68aa094235083621b9c958456f78abe12f44cbd73db5f','mY?U>a0SfF!!jG/r',0,'(113.01, 28.21)','湖南省国家安全厅测试账号4'),('61138348','4867178d3128b817923f7ce0e38cda4201444d97dc0ac86f574348e4f8920e1d3577961f8a20b5953daf5bd271df620ff9a3299efb8e3f80fee821e10d661b87','RyJAKXt5U?nY&Q1C',2,'',''),('64027927','53b53df4b4f011a70e778ae2901c95bfa3e4366edb6a6d819dda48e25711e261df1bb765d2b0912a0f2cb6374375e7b912e626bd6f78cc76fe822c01fe1c853a','%u7ZOXz/&1rq%wif',0,'(91.13, 29.66)','西藏自治区国家安全厅'),('65097147','d6931eeecf6be926d1a62d286d906f387a97b325276d4997dabc5663875314fc5dc7a1c3cf3aaaab70ce809c1c22586580fa8eeaa94533e4ffcd406f1abb030e','^O/iQs8`ojz?e9~k',0,'(113.01, 28.21)','湖南省国家安全厅测试账号2'),('67844606','3387e63a7bb787f4d7ea5f18d0c6ffd0eccce81298806a715fc5ef0f3c2a640ead25eefc8c36236d07bb8cd06e47e511b8cd12dc202c282fac3d691e94a1919f','^D>Y/*3?&3ZEc6Wg',0,'(115.83, 28.75)','江西省国家安全厅'),('72648165','305cb9754a57a7a19a8fda1184d8143bdf5bb749644866651f7233123195c829f3e33fcd20b605661d4c13bed7736bc9ac7ef246697d206d784da046cef112c2','3I3mP!cfq0QQO$XK',0,'(125.32, 43.89)','吉林省国家安全厅'),('74589204','f7d38a4a1a83a4e29fe5a92c0622280a3a761f8a2252436cdfe5826e2452494a04d1ca6e12aee334ee574583df729d940194ec9c4f866995915fb159b0bbd201','`~8qz#FDith^s868',0,'(104.09, 30.71)','四川省国家安全厅'),('74799651','b0e1a3124b0b06f1f5617a2c59c7a51d03d1d34224074f19a1bc4cab8f78d0f9a339c1a5a4685dc448ada82dd848151d423549d84850e064647fd5a0139b370f','V4?k#l0GaUmDF1Z3',0,'(108.94, 34.26)','陕西省国家安全厅'),('75032779','10f2de9bf5bea75a44706c56805e786f0a23203fde38275418e9915f8ef91bef5f5225c68b20c6cdb3864e8f1e1a01ff019ce8b1c15617688f16f718dfc12b81','3*~O%zKIa0Q5zlYM',0,'(113.57, 22.17)','澳门特别行政区'),('78519436','4c678b4f72a49d6055f430345b7f1deff0f6a39c92c8a1c3b6218491d4c71b6be31f402f949ddc64d0a0899e4f05030eb8e19b267a84290b2c37e82ddbe3e06c','D0ZXqtOOMd@`vIq>',0,'(117.26, 31.80)','安徽省国家安全厅'),('79370802','d7823d56bf912c486960eeaa156ddb78f6d03e171c9546abd45a33144bf1b46e9e721984e1f296ea7dd8a56ad7eaebd75fecf165eed21cb645d1968974332605','Hn^x5$RHf&.1d-&H',0,'(113.01, 28.21)','湖南省国家安全厅测试账号1'),('79550493','bb6fc5ed5e525826de4f3633bb50d0506a99468863f271129a56abd590da236e85bc040d4e684a1193d450c0c28083e9b6a65e45b96aa439b1a37ac0a6d507d8','xN&2UWeo7Zk7/1J@',0,'(103.76, 36.08)','甘肃省国家安全厅'),('87673812','fa8756784afa35006f38068a8aff275df47fef9d5ecacae29dc6c00491e9bc105c656b68f6806e9ebf3f85e83de003ec6b8c0379bcf39017e773417c187dc2e4','xFOwoinfy2wU#dnB',0,'(117.25, 39.10)','天津市国家安全局'),('87990234','1e04866657bff06555a0f5f469030f51faf7bd3cb362b7670af5f5b127795f288ee935ba62dca60d76c239e7a4ed0cd5199bd71231e131a19cc3da4740c779eb','SXUA1.qM%0.D!kzp',1,'','管理员3'),('88649054','56be0c261547d7dac3cf12fb79e9d49d5758135e28b96590fe9062c2cd793a6662a0027a7969be8c3e31356c4b2f960df5db08a62b418372173a4c540643c721','XT&/452pYPJyVZzs',0,'(106.55, 29.55)','重庆市国家安全局'),('92436472','6a00604be595d601ab2c495d6ba1bc13cbca554a357165b8ed280e56df066c92b2d432adf5a2b72849af33217311c7122f0a261913f7ed43f71af7e55e8de42b','LDh!0F.eNW47sCB%',0,'(101.78, 36.63)','青海省国家安全厅'),('92876570','da25691140f067a4d34db5887c2890c67f143b798c2a33b27bcc234b6dc326bcffe7efc957d155eee4bca5a3136421bdeba3592476f6e0607f8f555220e7ae09','O4`fZTNlhjoxea`L',0,'(112.52, 37.84)','山西省国家安全厅'),('93917307','8c07f808b6cbca70dd6c5823f57e4846f0c96acb68bf47c6ab2fbc1d0fb9dab68eb77ab3e3ea93d3898e167cea48d4e7e3331dd1e14129957e1ae39e8732e36b','Eodc`2CZ5kj8WmDU',0,'(126.72, 45.97)','黑龙江省国家安全厅'),('94266005','31716233d42ff79c68d011df65918a737aa8941024bbcb8448100a8b6273b6dea153f31ce9f56e4bf59d3f9a891d8402a059a49ae562df44a4d7a2e265e910be','Z9jf^U-XtmoL93u$',0,'',''),('96401279','3add6f589e0ce4fea776a5c92419ec2f6c6103712a8eecbd9658052d10283a8fe6c80c41a74a574fa00dc8ea4bf7efb7e202747df917e6f2fd384625a49eb3f3','SgpBU7DUTdN#lTDA',0,'(118.80, 32.06)','江苏省国家安全厅'),('98478662','3ad56076ba7dc9133d0c180dde5eb19185467999ad9f7b4f32f94668269dfa56770b4949a5302bad8cea0a7e16d68516fb86a14f0f76962b50974026f47b59c6','IXML@&NErB$Afc45',0,'(113.84, 23.13)','广东省国家安全厅');
/*!40000 ALTER TABLE `user` ENABLE KEYS */;
UNLOCK TABLES;
/*!40103 SET TIME_ZONE=@OLD_TIME_ZONE */;

/*!40101 SET SQL_MODE=@OLD_SQL_MODE */;
/*!40014 SET FOREIGN_KEY_CHECKS=@OLD_FOREIGN_KEY_CHECKS */;
/*!40014 SET UNIQUE_CHECKS=@OLD_UNIQUE_CHECKS */;
/*!40101 SET CHARACTER_SET_CLIENT=@OLD_CHARACTER_SET_CLIENT */;
/*!40101 SET CHARACTER_SET_RESULTS=@OLD_CHARACTER_SET_RESULTS */;
/*!40101 SET COLLATION_CONNECTION=@OLD_COLLATION_CONNECTION */;
/*!40111 SET SQL_NOTES=@OLD_SQL_NOTES */;

-- Dump completed on 2018-06-03 12:55:16
